 од;Ќаименование;фасовка;≈диница измерени€;÷ена в валюте прайса;Ѕренд;картинка;÷вет
w20874;HUSKY INTERIOR&EXTERIOR PRIMER √рунт-краска дл€ интерьеров и фасадов;;;;HUSKY;http://www.dekart.ru/content/images/thumbs/0001551_husky_interior_exterior_primer_100_.jpeg;
20874;;10;л;1097,7642;;;
w20755;HUSKY SUPER PAINT CELING  раска потолочна€;;;;HUSKY;http://www.dekart.ru/products/1179/idealno-belaya-kraska-dlya-potolkov-husky-haski-super-paint-ceiling-100-akrilovaya-interernaya-kraska;
20755;;2,5;л;593,8101;;;
20756;;10;л;2048,6583;;;
w20757;HUSKY SUPER PAINT EXTERIOR  раска фасадна€;;;;HUSKY;http://www.dekart.ru/content/images/thumbs/0001517_husky_super_paint_exterior_100_.jpeg;
20757;;2,5;л;861,0264;;;
20758;;10;л;3072,9933;;;
w18237;HUSKY SUPER PAINT INTERIOR  раска интерьерна€;;;;HUSKY;http://www.dekart.ru/content/images/thumbs/0001642_husky_super_paint_interior_100_.jpeg;
18237;;2,5;л;894,348;;;
18185;;10;л;2988,1449;;;
w21663;HUSKY GLOSS ECO ENAMEL √л€нцева€ эко-эмаль;;;;HUSKY;http://www.dekart.ru/content/images/thumbs/0001766_husky_gloss_eco_enmel_100_.jpeg;
21663;;0,9;л;643,5585;;;
21664;;2,5;л;1501,227;;;
w21718;HUSKY SEMI-MATT ECO ENAMEL полуматова€ эко-эмаль;;;;HUSKY;http://www.dekart.ru/content/images/thumbs/0001767_husky_semi_matt_eco_enmel_100_.jpeg;
21718;;0,9;л;643,5585;;;
21719;;2,5;л;1501,227;;;
17795;JOBI √рунтовка аэрозольна€ бела€;400;мл;252,1467;JOBI;http://www.dekart.ru/content/images/thumbs/0000059_jobi_haftgrund_.jpg;
17796;JOBI Ћак аэрозольный бесцветный;400;мл;217,8774;JOBI;http://www.dekart.ru/content/images/thumbs/0000080_jobi_schutzlack_.jpg;
w15191;JOBI Ёмаль аэрозольна€ гл€нцева€;;;;JOBI;http://www.dekart.ru/content/images/thumbs/0000049_jobi_aerozollack_.jpg;
15191;;400;мл;231,9642;;;бела€ RAL 9010
15202;;400;мл;231,9642;;http://www.dekart.ru/content/images/thumbs/0000049_jobi_aerozollack_.jpg;вишнева€ RAL 3005
5195;;400;мл;231,9642;;http://www.dekart.ru/content/images/thumbs/0000049_jobi_aerozollack_.jpg; голуба€ RAL 5015
15199;;400;мл;231,9642;;http://www.dekart.ru/content/images/thumbs/0000049_jobi_aerozollack_.jpg; желта€ RAL 1021
15194;;400;мл;231,9642;;http://www.dekart.ru/content/images/thumbs/0000049_jobi_aerozollack_.jpg;зелена€ RAL 6029
19513;;400;мл;231,9642;;http://www.dekart.ru/content/images/thumbs/0000049_jobi_aerozollack_.jpg;зеленый мох RAL 6005
15201;;400;мл;231,9642;;http://www.dekart.ru/content/images/thumbs/0000049_jobi_aerozollack_.jpg; коричнева€ RAL 8011
15197;;400;мл;231,9642;;http://www.dekart.ru/content/images/thumbs/0000049_jobi_aerozollack_.jpg; красна€ RAL 3020
15198;;400;мл;231,9642;;http://www.dekart.ru/content/images/thumbs/0000049_jobi_aerozollack_.jpg;оранжева€ RAL 2003
15193;;400;мл;231,9642;;http://www.dekart.ru/content/images/thumbs/0000049_jobi_aerozollack_.jpg;сера€ RAL 7001
15200;;400;мл;231,9642;;http://www.dekart.ru/content/images/thumbs/0000049_jobi_aerozollack_.jpg;серебро RAL 9006
15196;;400;мл;231,9642;;http://www.dekart.ru/content/images/thumbs/0000049_jobi_aerozollack_.jpg;син€€ RAL 5010
19512;;400;мл;231,9642;;http://www.dekart.ru/content/images/thumbs/0000049_jobi_aerozollack_.jpg;слонова€ кость RAL 1015
16794;;400;мл;231,9642;;http://www.dekart.ru/content/images/thumbs/0000049_jobi_aerozollack_.jpg;т-зелена€ RAL 6020
16793;;400;мл;231,9642;;http://www.dekart.ru/content/images/thumbs/0000049_jobi_aerozollack_.jpg;т-коричнева€ RAL 8017
15192;;400;мл;231,9642;;http://www.dekart.ru/content/images/thumbs/0000049_jobi_aerozollack_.jpg;черна€ RAL 9005
15212;JOBI Ёмаль аэрозольна€ дл€ радиаторов бела€;400;мл;328,9572;;http://www.dekart.ru/content/images/thumbs/0000049_jobi_aerozollack_.jpg;
W16110;JOBI Ёмаль аэрозольна€ матова€;;;;JOBI;http://www.dekart.ru/content/images/thumbs/0000049_jobi_aerozollack_.jpg;
16110;;400;мл;231,9642;;;бела€ RAL 9010
16111;;400;мл;231,9642;;http://www.dekart.ru/content/images/thumbs/0000049_jobi_aerozollack_.jpg;черна€ RAL 9005
15214;JOBI Ёмаль аэрозольна€ с хром-эффектом золото;400;мл;330,4548;JOBI;http://www.dekart.ru/content/images/thumbs/0000049_jobi_aerozollack_.jpg;
15213;JOBI Ёмаль аэрозольна€ с хром-эффектом хром;400;мл;329,5188;JOBI;http://www.dekart.ru/content/images/thumbs/0000049_jobi_aerozollack_.jpg;
16956;JOBI Ёмаль аэрозольна€ термостойка€ 650— серебро;400;мл;353,6676;JOBI;http://www.dekart.ru/content/images/thumbs/0000049_jobi_aerozollack_.jpg;
16955;JOBI Ёмаль аэрозольна€ термостойка€ 650— черна€;400;мл;353,6676;JOBI;http://www.dekart.ru/content/images/thumbs/0000049_jobi_aerozollack_.jpg;
w16181;JOBI FENSTERAQUALACK Ёмаль акрил. дл€ окон и двр. гл€нцева€ бела€;;;;JOBI;http://www.dekart.ru/content/images/thumbs/0001770_jobi_fensteraqualack_.jpeg;
16181;;0,9;л;656,2179;;;
16182;;2,7;л;1828,7802;;;
w16170;JOBI HOCHGLANZAQUALACK Ёмаль акрил. в/гл€нц бела€;;;;JOBI;http://www.lkmflot.ru/images/big/100994097.jpeg;
16170;;0,9;л;507,0897;;;
16171;;2,7;л;1460,3706;;;
w16134;JOBI PARKETTAQUALACK Ћак паркетный гл€нц.акрило-уретан.;;;;JOBI;http://new.lkmflot.ru/images/big/100994159.jpeg;
16134;;0,9;л;742,9149;;;
16135;;2,7;л;2111,7915;;;
w16136;JOBI PARKETTAQUALACK Ћак паркетный п/мат.акрило-уретан.;;;;;http://new.lkmflot.ru/images/big/100994159.jpeg;
16136;;0,9;л;762,1263;;;
16137;;2,7;л;2223,1638;;;
w16130;JOBI SEIDENMATTAQUALACK Ёмаль бела€ шелк. мат.;;;;JOBI;http://new.lkmflot.ru/images/big/100994159.jpeg;
16130;;0,9;л;509,0085;;;
16131;;2,7;л;1436,3973;;;
w16175;JOBI THERMOAQUAEMAIL Ёмаль акрилова€ дл€ радиат. бела€;;;;JOBI;http://new.lkmflot.ru/images/big/100994090.jpeg;
16175;;0,9;л;665,3205;;;
16176;;2,7;л;1915,6878;;;
w11883;JOBI ECOFARBE  раска моюща€с€;;;;JOBI;http://www.dekart.ru/content/images/thumbs/0001895__jobi_ekofarbe_.jpeg;
11883;;2,5;л;706,5513;;;
11893;;5;л;1086,0291;;;
11894;;10;л;1948,3776;;;
w15785;JOBI FASSADENFARBE  раска фасадна€;;;;JOBI;http://www.lkmflot.ru/images/big/100994132.jpeg;
15785;;0,9;л;177,3018;;;
10517;;5;л;927,8685;;;
10518;;10;л;1713,9798;;;
w12038;JOBI FASSADPREMIUM  раска фасадна€ премиум;;;;JOBI;JOBI FASSADPREMIUM  раска фасадна€ премиум;
12038;;0,9;л;268,8543;;;
12044;;5;л;1209,6162;;;
12045;;10;л;2070,3618;;;
w11931;JOBI LATEXCOLOR  раска моюща€с€ латексна€;;;;JOBI;http://pintakrasok.ru/image/cache/data/products/kraski/0001500__jobi_mattlatex_-1024x800.jpeg;
11931;;0,9;л;304,1766;;;
11831;;2,5;л;785,7018;;;
11832;;5;л;1351,3149;;;
11833;;10;л;2507,1813;;;
w11817;JOBI MATTLATEX  раска влагостойка€;;;;JOBI;http://pintakrasok.ru/image/cache/data/products/kraski/0001500__jobi_mattlatex_-1024x800.jpeg;
11817;;2,5;л;481,2444;;;
11819;;5;л;804,9834;;;
11818;;10;л;1508,4693;;;
w11821;JOBI PUTZ-EFFEKTFARBE  раска с кварц. част.;;;;JOBI;http://www.lkmflot.ru/images/big/100994082.jpeg;
11821;;5;л;1153,8306;;;
11823;;10;л;2202,1155;;;
17404;JOBI SILOXANFASSAD  раска фасадна€ силоксанова€;10;л;3116,295;JOBI;http://www.dekart.ru/content/images/thumbs/0000083_jobi_siloxanfassad_.jpg;
w11824;JOBI SUPERWEISS  раска влагостойка€;;;;JOBI;http://kraski-market.ru/upload/iblock/a2e/a2e475f8cbd0bae8a8756791de1a8aca.jpeg;
11824;;2,5;л;509,6754;;;
11825;;5;л;870,6321;;;
11826;;10;л;1619,8065;;;
w10519;JOBI WANDFARBE  раска дисперсионна€;;;;JOBI;http://stroygigant.ru/uploads/goods/25/kraska-dlya-vnutrennih-rabot-jobi-wandfarbe-dispersionnaya-5l.jpg;
10519;;2,5;л;307,0431;;;
10520;;5;л;552,6846;;;
10522;;10;л;995,9625;;;
w11928;JOBI WASCHFEST  раска дл€ ванных и кухонь;;;;JOBI;http://new.lkmflot.ru/images/big/100994066.jpeg;
11928;;0,9;л;270,0126;;;
10523;;2,5;л;698,5953;;;
10524;;5;л;1158,8499;;;
10525;;10;л;2129,0256;;;
w8706;JOBI PUTZGRUND √рунт акрил. ”крепл€ющий;;;;JOBI;http://avktd.ru/gallery/product/5123_1.jpg;
8706;;5;л;344,3076;;;
8707;;10;л;662,3136;;;
w12220;JOBI STRUKTURQUARZGRUND √рунт дл€ штукатурок;;;;JOBI;http://www.dekart.ru/content/images/thumbs/0000085_jobi_strukturquarzgrund_.jpg;
12220;;5;л;739,1124;;;
12219;;10;л;1346,8572;;;
w8693;JOBI TIEFGRUND √рунт акрил. ѕроникающий;;;;JOBI;http://www.dekart.ru/content/images/thumbs/0000693__jobi_tiefgrund_.jpeg;
8693;;5;л;584,9766;;;
8694;;10;л;1144,1547;;;
w11235;JOBI  олорант;;;;JOBI;http://www.dekart.ru/content/images/thumbs/0000092_jobi_vollton_und_abtonfarbe_.jpg;
11235;;500;мл;172,5165;;;є 901 ќхра
12974;;500;мл;172,5165;;;є 903 оливковый
11172;;500;мл;172,5165;;; є 904 черный
12895;;500;мл;172,5165;;;є 904 черный
12897;;500;мл;172,5165;;;є 905 табак
11593;;500;мл;172,5165;;; є 906 “емно-коричневый
11750;;500;мл;172,5165;;;є 907 Ћимонный
11240;;500;мл;172,5165;;;є 908 оранжевый
11751;;500;мл;172,5165;;;є 910 синий
12898;;500;мл;172,5165;;;є 913 зеленый
12899;;500;мл;172,5165;;;є 915 бордовый
11244;;500;мл;172,5165;;; є 916 фиолетовый
12916;;500;мл;172,5165;;;є 917 антрацит
12923;;500;мл;172,5165;;;є 918 васильковый
12917;;500;мл;172,5165;;;є 921 ћалахит
11163;;500;мл;172,5165;;;є 922 абрикос
12918;;500;мл;172,5165;;;є 923 терракота
11236;;500;мл;172,5165;;;є 924 зол. охра
11261;;500;мл;172,5165;;;є 935 мандарин
11173;;500;мл;172,5165;;http://www.dekart.ru/content/images/thumbs/0000092_jobi_vollton_und_abtonfarbe_.jpg;є 937  оричневый
11250;;500;мл;172,5165;;;є 939 папоротник
12925;;500;мл;172,5165;;;є 940 желтый
12965;;500;мл;172,5165;;;є 942 лазурный
12950;;500;мл;172,5165;;;є 944бирюзовый
11245;;500;мл;172,5165;;;є 946 трав€ной
w16364;JOBI FLUSSIG KUNSTSTOFF  раска ж/ плст. Ѕелый;;;;JOBI;http://stroygigant.ru/uploads/goods/7921/zhidkaya-plastmassa-jobi-flussig-kunststoff-golubaya-0-9l-6sht.jpg;
16364;;0,9;л;1059,6924;;;
16365;;2,7;л;3006,1629;;;
w15799;JOBI FLUSSIG KUNSTSTOFF  раска ж/ плст. √олубой;;;;JOBI;http://stroygigant.ru/uploads/goods/7921/zhidkaya-plastmassa-jobi-flussig-kunststoff-golubaya-0-9l-6sht.jpg;
15799;;0,9;л;1059,6924;;;
15801;;2,7;л;3006,1629;;;
w15805;JOBI FLUSSIG KUNSTSTOFF  раска ж/ плст.  оричневый;;;;JOBI;http://stroygigant.ru/uploads/goods/7921/zhidkaya-plastmassa-jobi-flussig-kunststoff-golubaya-0-9l-6sht.jpg;
15805;;0,9;л;1059,6924;;;
15806;;2,7;л;3006,1629;;;
w15810;JOBI FLUSSIG KUNSTSTOFF  раска ж/ плст. св. серый;;;;JOBI;http://stroygigant.ru/uploads/goods/7921/zhidkaya-plastmassa-jobi-flussig-kunststoff-golubaya-0-9l-6sht.jpg;
15810;;0,9;л;1059,6924;;;
15811;;2,7;л;3006,1629;;;
w16618;JOBI PARKETTLACK Ћак паркет. алкидно-уретановый гл€нц;;;;JOBI;http://stroygigant.ru/uploads/goods/7921/zhidkaya-plastmassa-jobi-flussig-kunststoff-golubaya-0-9l-6sht.jpg;
16618;;0,9;л;354,51;;;
16619;;2,7;л;1006,3053;;;
16620;;9;л;3088,215;;;
w16621;JOBI PARKETTLACK Ћак паркет. алкидно-уретановый мат.;;;;JOBI;http://stroygigant.ru/uploads/goods/7921/zhidkaya-plastmassa-jobi-flussig-kunststoff-golubaya-0-9l-6sht.jpg;
16621;;0,9;л;396,7821;;;
16622;;2,7;л;1152,8478;;;
16627;;9;л;3294,2169;;;
w16628;JOBI PARKETTLACK Ћак паркет. алкидно-уретановый п/мат.;;;;JOBI;http://new.lkmflot.ru/images/big/100994163.jpeg;
16628;;0,9;л;396,7821;;;
16629;;2,7;л;1152,8478;;;
16630;;9;л;3294,2169;;;
w16631;JOBI YACHTLACK Ћак €хтный алкидно-уретан. гл€нц.;;;;JOBI;http://www.dekart.ru/content/images/thumbs/0001774_jobi_parkettaqualack_.jpeg;
16631;;0,9;л;344,3778;;;
16632;;2,7;л;1014,039;;;
16633;;9;л;2774,3274;;;
w16637;JOBI YACHTLACK Ћак €хтный алкидно-уретан. мат.;;;;JOBI;http://www.dekart.ru/content/images/thumbs/0001774_jobi_parkettaqualack_.jpeg;
16637;;0,9;л;409,4298;;;
16638;;2,7;л;1176,6924;;;
16640;;9;л;3284,2368;;;
w16634;JOBI YACHTLACK Ћак €хтный алкидно-уретан. п/мат.;;;;JOBI;http://www.dekart.ru/content/images/thumbs/0001774_jobi_parkettaqualack_.jpeg;
16634;;0,9;л;409,4298;;;
16635;;2,7;л;1176,6924;;;
16636;;9;л;3284,2368;;;
14972;JOBI BUNTSTEINPUTZ Ўтукатурка мраморна€ є64  1,2мм;20;кг;3071,4138;;http://www.dekart.ru/content/images/thumbs/0000051_jobi_buntsteinutz_.jpg;
14973;JOBI BUNTSTEINPUTZ Ўтукатурка мраморна€ є65  1,2мм;20;кг;3071,4138;;http://www.dekart.ru/content/images/thumbs/0000051_jobi_buntsteinutz_.jpg;
14974;JOBI BUNTSTEINPUTZ Ўтукатурка мраморна€ є67  1,2мм;20;кг;3071,4138;;http://www.dekart.ru/content/images/thumbs/0000051_jobi_buntsteinutz_.jpg;
14976;JOBI BUNTSTEINPUTZ Ўтукатурка мраморна€ є68  1,2мм;20;кг;3071,4138;;http://www.dekart.ru/content/images/thumbs/0000051_jobi_buntsteinutz_.jpg;
14977;JOBI BUNTSTEINPUTZ Ўтукатурка мраморна€ є69  1,2мм;20;кг;3071,4138;;http://www.dekart.ru/content/images/thumbs/0000051_jobi_buntsteinutz_.jpg;
14978;JOBI BUNTSTEINPUTZ Ўтукатурка мраморна€ є74  2мм;20;кг;3071,4138;;http://www.dekart.ru/content/images/thumbs/0000051_jobi_buntsteinutz_.jpg;
14979;JOBI BUNTSTEINPUTZ Ўтукатурка мраморна€ є75  2мм;20;кг;3071,4138;;http://www.dekart.ru/content/images/thumbs/0000051_jobi_buntsteinutz_.jpg;
14980;JOBI BUNTSTEINPUTZ Ўтукатурка мраморна€ є76  2мм;20;кг;3071,4138;;http://www.dekart.ru/content/images/thumbs/0000051_jobi_buntsteinutz_.jpg;
14981;JOBI BUNTSTEINPUTZ Ўтукатурка мраморна€ є77  2мм;20;кг;3071,4138;;http://www.dekart.ru/content/images/thumbs/0000051_jobi_buntsteinutz_.jpg;
14982;JOBI BUNTSTEINPUTZ Ўтукатурка мраморна€ є78  2мм;20;кг;3409,2747;;http://www.dekart.ru/content/images/thumbs/0000051_jobi_buntsteinutz_.jpg;
23539;JOBI KRATZPUTZ Ўтукатурка декоративна€ 1,5мм;16;кг;1544,4;;http://www.dekart.ru/content/images/thumbs/0002122_jobi_kratzputz_.jpeg;
20798;JOBI KRATZPUTZ Ўтукатурка декоративна€ 1,5мм;20;кг;1935,0981;;http://www.dekart.ru/content/images/thumbs/0002122_jobi_kratzputz_.jpeg;
23540;JOBI MODELLIERPUTZ Ўтукатурка декоративна€ 0,3мм;16;кг;1544,4;;http://www.dekart.ru/content/images/thumbs/0002124_jobi_modellierputz_.jpeg;
20799;JOBI MODELLIERPUTZ Ўтукатурка декоративна€ 0,3мм;20;кг;1935,0981;;http://www.dekart.ru/content/images/thumbs/0002124_jobi_modellierputz_.jpeg;
20800;JOBI ROLLPUTZ Ўтукатурка декоративна€ 0,5-1мм;20;кг;1935,0981;;http://www.dekart.ru/content/images/thumbs/0002123_jobi_rollputz_.jpeg;
23542;JOBI RUSTIKALPUTZ Ўтукатурка декоративна€ 3мм;16;кг;1544,4;;http://www.dekart.ru/content/images/thumbs/0002120_jobi_rustikalputz_.jpeg;
20801;JOBI RUSTIKALPUTZ Ўтукатурка декоративна€ 3мм;20;кг;1935,0981;;http://www.dekart.ru/content/images/thumbs/0002120_jobi_rustikalputz_.jpeg;
23543;JOBI STRUKTURPUTZ Ўтукатурка декоративна€ 2мм;16;кг;1544,4;;http://www.dekart.ru/content/images/thumbs/0002121_jobi_strukturputz_.jpeg;
20802;JOBI STRUKTURPUTZ Ўтукатурка декоративна€ 2мм;20;кг;1935,0981;;http://www.dekart.ru/content/images/thumbs/0002121_jobi_strukturputz_.jpeg;
12833;JOBI ¬ќ—  дл€ венецианской штукатурки;0,5;кг;1912,3767;;http://www.dekart.ru/content/images/thumbs/0000093_jobi_wachs_fur_venezianishputz_.jpg;
12720;JOBI  LASSIK VENEZIANISCHPUTZ ¬енец. штукатурка;7;кг;1605,5325;;http://buildt.ru/published/publicdata/DBDVIGENIE4/attachments/SC/products_pictures/168p_enl.jpg;
12540;JOBI  LASSIK VENEZIANISCHPUTZ ¬енец. штукатурка;20;кг;4357,8639;;http://buildt.ru/published/publicdata/DBDVIGENIE4/attachments/SC/products_pictures/168p_enl.jpg;
w13701;JOBI FENSTERLACK Ёмаль дл€ окон шелк. мат.;;;;JOBI;http://www.dekart.ru/content/images/thumbs/0000056_jobi_fensterlack_.jpg;
13701;;0,9;л;438,282;;;
13702;;2,7;л;1126,6164;;;
w13698;JOBI HOCHGLANZLACK Ёмаль в/гл€нц бела€;;;;JOBI;http://strmir.ru/d/514218/d/%D1%81%D0%BA%D1%80%D0%B8%D0%BD2.png;
13698;;0,9;л;389,9844;;;
13699;;2,7;л;1138,9599;;;
w13765;JOBI SEIDENMATTLACK Ёмаль шелк. мат. Ѕела€;;;;JOBI;http://biztorg.net/images/general/2015/09/08/20150908064648-1856.jpg;
13765;;0,9;л;376,9506;;;
13766;;2,7;л;1070,0469;;;
w13727;JOBI THERMOEMAIL Ёмаль дл€ отопит приб п/м;;;;JOBI;http://www.vit42.ru/upload/items/big/5838/16409.jpg;
13727;;0,9;л;514,0629;;;
13728;;2,7;л;1494,2538;;;
w17013;OLIMP ќтбеливатель дл€ древесины;;;;OLIMP;http://www.dekart.ru/content/images/thumbs/0000132__.jpg;
17013;;1;л;58,7223;;;
15796;;10;л;520,6851;;;
17822;OLIMP Ёмаль аэрозольна€ вишнева€;520;мл;134,8191;OLIMP;http://stroygigant.ru/uploads/goods/5966/emal-aerozolnaya-olimp-belaya-glyancevaya-matovaya-520ml.jpg;
17821;OLIMP Ёмаль аэрозольна€ гл€нцева€ бела€;520;мл;136,3869;OLIMP;http://stroygigant.ru/uploads/goods/5966/emal-aerozolnaya-olimp-belaya-glyancevaya-matovaya-520ml.jpg;
17824;OLIMP Ёмаль аэрозольна€ гл€нцева€ черна€;520;мл;135,1467;OLIMP;http://stroygigant.ru/uploads/goods/5966/emal-aerozolnaya-olimp-belaya-glyancevaya-matovaya-520ml.jpg;
17823;OLIMP Ёмаль аэрозольна€ желта€;520;мл;134,9595;OLIMP;http://stroygigant.ru/uploads/goods/5966/emal-aerozolnaya-olimp-belaya-glyancevaya-matovaya-520ml.jpg;
17828;OLIMP Ёмаль аэрозольна€ зелена€;520;мл;134,9595;OLIMP;http://stroygigant.ru/uploads/goods/5966/emal-aerozolnaya-olimp-belaya-glyancevaya-matovaya-520ml.jpg;
17832;OLIMP Ёмаль аэрозольна€ золото;520;мл;167,0877;OLIMP;http://stroygigant.ru/uploads/goods/5966/emal-aerozolnaya-olimp-belaya-glyancevaya-matovaya-520ml.jpg;
17827;OLIMP Ёмаль аэрозольна€ коричнева€;520;мл;135,1467;OLIMP;http://stroygigant.ru/uploads/goods/5966/emal-aerozolnaya-olimp-belaya-glyancevaya-matovaya-520ml.jpg;
17825;OLIMP Ёмаль аэрозольна€ красна€;520;мл;134,8191;OLIMP;http://stroygigant.ru/uploads/goods/5966/emal-aerozolnaya-olimp-belaya-glyancevaya-matovaya-520ml.jpg;
17826;OLIMP Ёмаль аэрозольна€ матова€ бела€;520;мл;136,7847;OLIMP;http://stroygigant.ru/uploads/goods/5966/emal-aerozolnaya-olimp-belaya-glyancevaya-matovaya-520ml.jpg;
17834;OLIMP Ёмаль аэрозольна€ оранжева€;520;мл;135,3339;OLIMP;http://stroygigant.ru/uploads/goods/5966/emal-aerozolnaya-olimp-belaya-glyancevaya-matovaya-520ml.jpg;
17829;OLIMP Ёмаль аэрозольна€ сера€;520;мл;135,1116;OLIMP;http://stroygigant.ru/uploads/goods/5966/emal-aerozolnaya-olimp-belaya-glyancevaya-matovaya-520ml.jpg;
17830;OLIMP Ёмаль аэрозольна€ син€€;520;мл;134,9244;OLIMP;http://stroygigant.ru/uploads/goods/5966/emal-aerozolnaya-olimp-belaya-glyancevaya-matovaya-520ml.jpg;
17831;OLIMP Ёмаль аэрозольна€ хром;520;мл;167,0877;OLIMP;http://stroygigant.ru/uploads/goods/5966/emal-aerozolnaya-olimp-belaya-glyancevaya-matovaya-520ml.jpg;
w20336;OLIMP ќћ» –ќЌ √рунт;;;;OLIMP;http://www.dekart.ru/content/images/thumbs/0001492__.jpeg;
20336;;0,9;л;314,4141;;;
19626;;2,7;л;736,7958;;;
19627;;9;л;1719,2565;;;
w20337;OLIMP ќћ» –ќЌ-√≈Ћ№ √ель декор. защит. белый;;;;OLIMP;http://www.dekart.ru/content/images/thumbs/0001781__.jpeg;
20337;;0,9;л;353,0358;;;
19313;;2,7;л;1014,5421;;;
19314;;9;л;2991,9825;;;
w20338;OLIMP ќћ» –ќЌ-√≈Ћ№ √ель декор. защит. бесцветный;;;;OLIMP;http://www.dekart.ru/content/images/thumbs/0001781__.jpeg;
20338;;0,9;л;353,0358;;;
19316;;2,7;л;1014,5421;;;
19317;;9;л;2991,9825;;;
w20339;OLIMP ќћ» –ќЌ-√≈Ћ№ √ель декор. защит. ƒуб;;;;OLIMP;http://www.dekart.ru/content/images/thumbs/0001781__.jpeg;
20339;;0,9;л;353,0358;;;
19319;;2,7;л;1014,5421;;;
19320;;9;л;2991,9825;;;
w20340;OLIMP ќћ» –ќЌ-√≈Ћ№ √ель декор. защит.  аштан;;;;OLIMP;http://www.dekart.ru/content/images/thumbs/0001781__.jpeg;
20340;;0,9;л;353,0358;;;
19322;;2,7;л;1014,5421;;;
19323;;9;л;2991,9825;;;
w20341;OLIMP ќћ» –ќЌ-√≈Ћ№ √ель декор. защит. махагон;;;;OLIMP;http://www.dekart.ru/content/images/thumbs/0001781__.jpeg;
20341;;0,9;л;353,0358;;;
19326;;2,7;л;1014,5421;;;
19327;;9;л;2991,9825;;;
w20342;OLIMP ќћ» –ќЌ-√≈Ћ№ √ель декор. защит. ќрегон;;;;OLIMP;http://www.dekart.ru/content/images/thumbs/0001781__.jpeg;
20342;;0,9;л;353,0358;;;
19329;;2,7;л;1014,5421;;;
19330;;9;л;2991,9825;;;
w20343;OLIMP ќћ» –ќЌ-√≈Ћ№ √ель декор. защит. орех;;;;OLIMP;http://www.dekart.ru/content/images/thumbs/0001781__.jpeg;
20343;;0,9;л;353,0358;;;
19332;;2,7;л;1014,5421;;;
19333;;9;л;2991,9825;;;
w20344;OLIMP ќћ» –ќЌ-√≈Ћ№ √ель декор. защит. осенний клен;;;;OLIMP;http://www.dekart.ru/content/images/thumbs/0001781__.jpeg;
20344;;0,9;л;353,0358;;;
19335;;2,7;л;1014,5421;;;
19336;;9;л;2991,9825;;;
w20345;OLIMP ќћ» –ќЌ-√≈Ћ№ √ель декор. защит. палисандр;;;;OLIMP;http://www.dekart.ru/content/images/thumbs/0001781__.jpeg;
20345;;0,9;л;353,0358;;;
19338;;2,7;л;1014,5421;;;
19339;;9;л;2991,9825;;;
w20346;OLIMP ќћ» –ќЌ-√≈Ћ№ √ель декор. защит. сосна;;;;OLIMP;http://www.dekart.ru/content/images/thumbs/0001781__.jpeg;
20346;;0,9;л;353,0358;;;
19341;;2,7;л;1014,5421;;;
19342;;9;л;2991,9825;;;
w20348;OLIMP ќћ» –ќЌ-√≈Ћ№ √ель декор. защит. “ик;;;;OLIMP;http://www.dekart.ru/content/images/thumbs/0001781__.jpeg;
20348;;0,9;л;353,0358;;;
19344;;2,7;л;1014,5421;;;
19345;;9;л;2991,9825;;;
w20350;OLIMP ќћ» –ќЌ ћј —»ћ”ћ јнтисептик бесцветный;;;;OLIMP;http://images.obi.ru/fsicache/obi?type=image&source=ObiWebShop%2FPROD%2FRU%2Fproduct%2F219%2F219458_picture_1.jpg&width=565&height=565&quality=85&effects=pad%28CC,ffff%29;
20350;;0,9;л;289,1889;;;
13569;;2,7;л;803,9538;;;
13570;;9;л;2288,4381;;;
w20351;OLIMP ќћ» –ќЌ ћј —»ћ”ћ јнтисептик дуб;;;;OLIMP;http://images.obi.ru/fsicache/obi?type=image&source=ObiWebShop%2FPROD%2FRU%2Fproduct%2F219%2F219458_picture_1.jpg&width=565&height=565&quality=85&effects=pad%28CC,ffff%29;
20351;;0,9;л;289,1889;;;
13572;;2,7;л;803,9538;;;
13573;;9;л;2288,4381;;;
w20352;OLIMP ќћ» –ќЌ ћј —»ћ”ћ јнтисептик калужница;;;;OLIMP;http://images.obi.ru/fsicache/obi?type=image&source=ObiWebShop%2FPROD%2FRU%2Fproduct%2F219%2F219458_picture_1.jpg&width=565&height=565&quality=85&effects=pad%28CC,ffff%29;
20352;;0,9;л;289,1889;;;
13575;;2,7;л;803,9538;;;
13576;;9;л;2288,4381;;;
w20353;OLIMP ќћ» –ќЌ ћј —»ћ”ћ јнтисептик кр. дерево;;;;OLIMP;http://images.obi.ru/fsicache/obi?type=image&source=ObiWebShop%2FPROD%2FRU%2Fproduct%2F219%2F219458_picture_1.jpg&width=565&height=565&quality=85&effects=pad%28CC,ffff%29;
20353;;0,9;л;289,1889;;;
13578;;2,7;л;803,9538;;;
13579;;9;л;2288,4381;;;
w20354;OLIMP ќћ» –ќЌ ћј —»ћ”ћ јнтисептик орегон;;;;OLIMP;http://images.obi.ru/fsicache/obi?type=image&source=ObiWebShop%2FPROD%2FRU%2Fproduct%2F219%2F219458_picture_1.jpg&width=565&height=565&quality=85&effects=pad%28CC,ffff%29;
20354;;0,9;л;289,1889;;;
13581;;2,7;л;803,9538;;;
13582;;9;л;2288,4381;;;
w20355;OLIMP ќћ» –ќЌ ћј —»ћ”ћ јнтисептик орех. дер.;;;;OLIMP;http://images.obi.ru/fsicache/obi?type=image&source=ObiWebShop%2FPROD%2FRU%2Fproduct%2F219%2F219458_picture_1.jpg&width=565&height=565&quality=85&effects=pad%28CC,ffff%29;
20355;;0,9;л;289,1889;;;
13584;;2,7;л;803,9538;;;
13585;;9;л;2288,4381;;;
w20356;OLIMP ќћ» –ќЌ ћј —»ћ”ћ јнтисептик осен. клен;;;;OLIMP;http://images.obi.ru/fsicache/obi?type=image&source=ObiWebShop%2FPROD%2FRU%2Fproduct%2F219%2F219458_picture_1.jpg&width=565&height=565&quality=85&effects=pad%28CC,ffff%29;
20356;;0,9;л;289,1889;;;
13587;;2,7;л;803,9538;;;
13588;;9;л;2288,4381;;;
w20357;OLIMP ќћ» –ќЌ ћј —»ћ”ћ јнтисептик палисандр;;;;OLIMP;http://images.obi.ru/fsicache/obi?type=image&source=ObiWebShop%2FPROD%2FRU%2Fproduct%2F219%2F219458_picture_1.jpg&width=565&height=565&quality=85&effects=pad%28CC,ffff%29;
20357;;0,9;л;289,1889;;;
13590;;2,7;л;803,9538;;;
13591;;9;л;2288,4381;;;
w20358;OLIMP ќћ» –ќЌ ћј —»ћ”ћ јнтисептик р€бина;;;;OLIMP;http://images.obi.ru/fsicache/obi?type=image&source=ObiWebShop%2FPROD%2FRU%2Fproduct%2F219%2F219458_picture_1.jpg&width=565&height=565&quality=85&effects=pad%28CC,ffff%29;
20358;;0,9;л;289,1889;;;
13593;;2,7;л;803,9538;;;
13594;;9;л;2288,4381;;;
w20359;OLIMP ќћ» –ќЌ ћј —»ћ”ћ јнтисептик тик. дер.;;;;OLIMP;http://images.obi.ru/fsicache/obi?type=image&source=ObiWebShop%2FPROD%2FRU%2Fproduct%2F219%2F219458_picture_1.jpg&width=565&height=565&quality=85&effects=pad%28CC,ffff%29;
20359;;0,9;л;289,1889;;;
13596;;2,7;л;803,9538;;;
13597;;9;л;2288,4381;;;
w20361;OLIMP ќћ» –ќЌ —“јЌƒј–“ јнтисептик бесцветный;;;;OLIMP;http://www.dekart.ru/content/images/thumbs/0001490__.jpeg;
20361;;0,9;л;208,7163;;;
13409;;2,7;л;601,5204;;;
13410;;9;л;1684,7766;;;
w20362;OLIMP ќћ» –ќЌ —“јЌƒј–“ јнтисептик дуб;;;;OLIMP;http://www.dekart.ru/content/images/thumbs/0001490__.jpeg;
20362;;0,9;л;208,7163;;;
13412;;2,7;л;601,5204;;;
13413;;9;л;1684,7766;;;
w20364;OLIMP ќћ» –ќЌ —“јЌƒј–“ јнтисептик калужница;;;;OLIMP;http://www.dekart.ru/content/images/thumbs/0001490__.jpeg;
20364;;0,9;л;208,7163;;;
13415;;2,7;л;601,5204;;;
13416;;9;л;1684,7766;;;
w20365;OLIMP ќћ» –ќЌ —“јЌƒј–“ јнтисептик кр. дерево;;;;OLIMP;http://www.dekart.ru/content/images/thumbs/0001490__.jpeg;
20365;;0,9;л;208,7163;;;
13418;;2,7;л;601,5204;;;
13419;;9;л;1684,7766;;;
w20366;OLIMP ќћ» –ќЌ —“јЌƒј–“ јнтисептик орегон;;;;OLIMP;http://www.dekart.ru/content/images/thumbs/0001490__.jpeg;
20366;;0,9;л;208,7163;;;
13421;;2,7;л;601,5204;;;
13423;;9;л;1684,7766;;;
w20367;OLIMP ќћ» –ќЌ —“јЌƒј–“ јнтисептик орех. дер;;;;OLIMP;http://www.dekart.ru/content/images/thumbs/0001490__.jpeg;
20367;;0,9;л;208,7163;;;
13424;;2,7;л;601,5204;;;
13425;;9;л;1684,7766;;;
w20368;OLIMP ќћ» –ќЌ —“јЌƒј–“ јнтисептик осен. клен;;;;OLIMP;http://www.dekart.ru/content/images/thumbs/0001490__.jpeg;
20368;;0,9;л;208,7163;;;
13427;;2,7;л;601,5204;;;
13428;;9;л;1684,7766;;;
w20369;OLIMP ќћ» –ќЌ —“јЌƒј–“ јнтисептик палисандр;;;;OLIMP;http://www.dekart.ru/content/images/thumbs/0001490__.jpeg;
20369;;0,9;л;208,7163;;;
13430;;2,7;л;601,5204;;;
13431;;9;л;1684,7766;;;
w20370;OLIMP ќћ» –ќЌ —“јЌƒј–“ јнтисептик р€бина;;;;OLIMP;http://www.dekart.ru/content/images/thumbs/0001490__.jpeg;
20370;;0,9;л;208,7163;;;
13434;;2,7;л;601,5204;;;
13435;;9;л;1684,7766;;;
w20372;OLIMP ќћ» –ќЌ —“јЌƒј–“ јнтисептик тик. дер;;;;OLIMP;http://www.dekart.ru/content/images/thumbs/0001490__.jpeg;
20372;;0,9;л;208,7163;;;
13436;;2,7;л;601,5204;;;
13437;;9;л;1684,7766;;;
w10124;OLIMP јЋ№‘ј  раска латексна€ дл€ потолков;;;;OLIMP;http://www.dekart.ru/content/images/thumbs/0000104__.jpg;
10124;;2,5;л;246,9753;;;
10127;;5;л;436,0473;;;
8337;;10;л;814,1679;;;
11816;;20;л;1545,0318;;;
w15787;OLIMP Ѕ≈“ј  раска латексна€ дл€ стен и потолков;;;;OLIMP;http://www.dekart.ru/content/images/thumbs/0001466__.jpeg;
15787;;0,9;л;98,5023;;;
10125;;2,5;л;304,1649;;;
10128;;5;л;539,2062;;;
9957;;10;л;1018,3797;;;
11859;;20;л;1934,8407;;;
w12398;OLIMP √јћћј  раска акрил. моющ. мат.;;;;OLIMP;http://www.dekart.ru/content/images/thumbs/0000109__.jpg;
12398;;0,9;л;236,6091;;;
10114;;2,5;л;597,1563;;;
10129;;5;л;1116,3438;;;
9965;;10;л;2142,5742;;;
11860;;20;л;4070,6757;;;
w10126;OLIMP —»√ћј  раска акрилова€ фасадна€;;;;OLIMP;http://www.dekart.ru/content/images/thumbs/0000137__.jpg;
10126;;2,5;л;509,6403;;;
10131;;5;л;901,3914;;;
9961;;10;л;1729,1664;;;
11861;;20;л;3275,3097;;;
w16572;OLIMP ЁЋј—“»„Ќјя  раска латексна€ моющ. мат.;;;;OLIMP;http://www.dekart.ru/content/images/thumbs/0000156__.jpg;
16572;;0,9;л;331,3557;;;
16573;;2,5;л;893,763;;;
16574;;5;л;1703,1456;;;
16575;;10;л;3269,8107;;;
w12066;OLIMP Ёѕ—»ЋќЌ  раска акрил. структур. фасадна€;;;;OLIMP;http://www.dekart.ru/content/images/thumbs/0000153__.jpg;
12066;;5;л;695,8458;;;
12067;;10;л;1324,4166;;;
w8342;OLIMP    ќћ≈√ј √рунтовка глубокого проникновени;;;;OLIMP;http://www.dekart.ru/content/images/thumbs/0000112__.jpg;
8342;;3;л;185,8077;;;
9003;;5;л;289,9611;;;
8343;;10;л;543,7458;;;
w8344;OLIMP   “ј” √рунтовка упрочн€юща€, пленкообр.;;;;OLIMP;http://www.dekart.ru/content/images/thumbs/0000142__.jpg;
8344;;3;л;200,9007;;;
8958;;5;л;328,7232;;;
8345;;10;л;651,1167;;;
w11327;OLIMP   ќЌ“ј “-√–”Ќ“   2,5л;;;;OLIMP;http://www.dekart.ru/content/images/thumbs/0001608__.jpeg;
w11327;;3,5;кг;342,5058;;;
11328;;14;кг;1222,767;;;
w20999;OLIMP  —“ќѕ-ѕЋ≈—≈Ќ№ —остав дл€ уничтожени€ плесени;;;;OLIMP;http://www.dekart.ru/content/images/thumbs/0000102__c_.jpg;
20999;;0,5;л;84,1698;;;
17678;;1;л;82,0404;;;
17679;;5;л;376,5294;;;
w17676;OLIMP  ”Ћ№“–ј—≈ѕ“ “рудновымываемый антисептик дл€ древесины;;;;OLIMP;http://www.dekart.ru/content/images/thumbs/0000037__.jpg;
17676;;5;л;252,2988;;;
17677;;10;л;474,2361;;;
19499;OLIMP √рунтовка изолирующа€;1;л;194,2668;;http://www.dekart.ru/content/images/thumbs/0000853__.jpeg;
19770;OLIMP ∆»ƒ јя √»ƒ–ќ»«ќЋя÷»я;2,5;л;802,035;;http://www.dekart.ru/content/images/thumbs/0001346__.jpeg;
w21289;OLIMP ”ничтожитель вредителей древесины;;;;OLIMP;http://www.dekart.ru/content/images/thumbs/0001614__.jpeg;
21289;;5;л;296,7822;;;
21290;;10;л;531,0747;;;
18990;OLIMP  лей дл€ стеклообоев;10;л;704,7261;OLIMP;http://www.dekart.ru/content/images/thumbs/0001546__.jpeg;
12994;OLIMP  лей стиропоровый;1;л;112,8582;OLIMP;http://www.dekart.ru/content/images/thumbs/0000114__.jpg;
12993;OLIMP  лей стиропоровый;2,5;л;272,6451;OLIMP;http://www.dekart.ru/content/images/thumbs/0000114__.jpg;
w10822;OLIMP  олорант ;;;;OLIMP;http://www.dekart.ru/content/images/thumbs/0000115__.jpg;
10822;;;;;;;є101 ќхра
23376;;500;мл;127,7757;;;є103 ќливковый
10823;;500;мл;127,7757;;;є104 „ерный
23378;;500;мл;127,7757;;; є105 “абак
10824;;500;мл;127,7757;;;є106 “емно-коричневый
23367;;500;мл;127,7757;;;є107 Ћимонный
10826;;500;мл;127,7757;;; є108 ќранжевый
10827;;500;мл;127,7757;;;є109  расный
10828;;500;мл;127,7757;;;є110 —иний
23375;;500;мл;127,7757;;; є113 «еленый
23370;;500;мл;127,7757;;;є115 Ѕордовый
10829;;500;мл;127,7757;;;є116 фиолетовый
23377;;500;мл;127,7757;;; є117 јнтрацит
23371;;500;мл;127,7757;;; є118 ¬асильковый
23373;;500;мл;127,7757;;;є121 ћалахит
23369;;500;мл;127,7757;;; є122 јбрикос
23379;;500;мл;127,7757;;; є123 “ерракота
10830;;500;мл;127,7757;;; є124 золота€ охра
23368;;500;мл;127,7757;;; є135 ћандарин
10831;;500;мл;127,7757;;;є137 коричневый
10832;;500;мл;127,7757;;; є139 папоротник
10825;;500;мл;127,7757;;; є140 ∆елтый
23372;;500;мл;127,7757;;;є142 Ћазурный
23374;;500;мл;127,7757;;; є144 Ѕирюзовый
10833;;500;мл;127,7757;;;є146 “рав€ной
w17532;OLIMP  раска с молотковым эффектом алюминий;;;;OLIMP;http://www.dekart.ru/content/images/thumbs/0000117__.jpg;
17532;;0,75;л;628,4304;;;
17533;;2,5;л;1878,5637;;;
w17534;OLIMP  раска с молотковым эффектом бронза;;;;OLIMP;http://www.dekart.ru/content/images/thumbs/0000117__.jpg;
17534;;0,75;л;628,4304;;;
17535;;2,5;л;1878,5637;;;
w17536;OLIMP  раска с молотковым эффектом золото;;;;OLIMP;http://www.dekart.ru/content/images/thumbs/0000117__.jpg;
17536;;0,75;л;628,4304;;;
17537;;2,5;л;1878,5637;;;
w17538;OLIMP  раска с молотковым эффектом коричневый;;;;OLIMP;http://www.dekart.ru/content/images/thumbs/0000117__.jpg;
17538;;0,75;л;628,4304;;;
17539;;2,5;л;1878,5637;;;
w17540;OLIMP  раска с молотковым эффектом медь;;;;OLIMP;http://www.dekart.ru/content/images/thumbs/0000117__.jpg;
17540;;0,75;л;628,4304;;;
17541;;2,5;л;1878,5637;;;
w17542;OLIMP  раска с молотковым эффектом серебро;;;;OLIMP;http://www.dekart.ru/content/images/thumbs/0000117__.jpg;
17542;;0,75;л;628,4304;;;
17543;;2,5;л;1878,5637;;;
w17544;OLIMP  раска с молотковым эффектом черный;;;;OLIMP;http://www.dekart.ru/content/images/thumbs/0000117__.jpg;
17544;;0,75;л;628,4304;;;
17545;;2,5;л;1878,5637;;;
w20420;OLIMP Ћак паркетный гл€нцевый;;;;OLIMP;http://www.dekart.ru/content/images/thumbs/0000134__.jpg;
20420;;0,9;л;289,5165;;;
14936;;2,7;л;822,6855;;;
15062;;9;л;2557,971;;;
w20421;OLIMP Ћак паркетный матовый;;;;OLIMP;http://www.dekart.ru/content/images/thumbs/0000134__.jpg;
20421;;0,9;л;352,9422;;;
14938;;2,7;л;1003,392;;;
15063;;9;л;2660,6853;;;
w20422;OLIMP Ћак паркетный п/матовый;;;;OLIMP;http://www.dekart.ru/content/images/thumbs/0000134__.jpg;
20422;;0,9;л;352,9422;;;
16000;;2,7;л;1003,392;;;
16001;;9;л;2660,6853;;;
w20423;OLIMP Ћак €хтный гл€нцевый;;;;OLIMP;http://www.dekart.ru/content/images/thumbs/0000154__.jpg;
20423;;0,9;л;329,6241;;;
15010;;2,7;л;938,4219;;;
15064;;9;л;2811,4983;;;
w20424;OLIMP Ћак €хтный матовый;;;;OLIMP;http://www.dekart.ru/content/images/thumbs/0000154__.jpg;
20424;;0,9;л;362,1501;;;
15014;;2,7;л;1028,8512;;;
15065;;9;л;3083,3244;;;
w20425;OLIMP Ћак €хтный п/матовый;;;;OLIMP;http://www.dekart.ru/content/images/thumbs/0000154__.jpg;
20425;;0,9;л;362,817;;;
16480;;2,7;л;1028,8512;;;
16481;;9;л;3083,3244;;;
w12444;OLIMP Ћак дл€ саун;;;;OLIMP;http://www.dekart.ru/content/images/thumbs/0000535__.png;
12444;;1;л;187,6446;;;
12445;;2,5;л;445,6413;;;
w10260;OLIMP ќ–»ќЌ Ћак водный бесцветный;;;;OLIMP;http://www.dekart.ru/content/images/thumbs/0000120__.jpg;
10260;;1;л;179,9928;;;
10261;;2,5;л;427,1436;;;
10262;;10;л;1633,6125;;;
w12570;OLIMP ѕропитка огнебиозащитна€ I кат. красна€;;;;OLIMP;http://www.dekart.ru/content/images/thumbs/0000127__1_.jpg;
12570;;10;л;691,8444;;;
12569;;20;л;1370,9358;;;
w12518;OLIMP ѕропитка огнебиозащитна€ II кат. бесцветна€;;;;OLIMP;http://www.dekart.ru/content/images/thumbs/0000128__2_.jpg;
12518;;5;л;171,2412;;;
12520;;10;л;315,7245;;;
w12682;OLIMP ѕропитка огнебиозащитна€ II кат. красна;;;;OLIMP;http://www.dekart.ru/content/images/thumbs/0000128__2_.jpg;
12682;;5;л;171,2412;;;
12681;;10;л;315,7245;;;
w23226;OLIMP Ћак дл€ камн€ и штукатурки;;;;OLIMP;http://www.dekart.ru/content/images/thumbs/0001985__.jpeg;
23226;;2,5;л;535,86;;;
23227;;10;л;2000,0682;;;
w9901;OLIMP ѕропитка дл€ камн€;;;;OLIMP;http://www.dekart.ru/content/images/thumbs/0000135__.jpg;
9901;;5;л;274,3299;;;
9902;;10;л;521,2116;;;
w12163;OLIMP —мывка высолов всесезонна€;;;;OLIMP;http://www.dekart.ru/content/images/thumbs/0000138__.jpg;
12163;;5;л;366,9003;;;
12164;;10;л;697,2966;;;
w12182;OLIMP —мывка цемента всесезонна€;;;;OLIMP;http://www.dekart.ru/content/images/thumbs/0000139__.jpg;
12182;;5;л;826,2657;;;
12183;;10;л;1616,004;;;
23930;OLIMP Ўпатлевка по дереву бела€;0,4;кг;51,2694;OLIMP;http://www.dekart.ru/content/images/thumbs/0000148__.jpg;
23267;OLIMP Ўпатлевка по дереву бела€;0,8;кг;75,1725;OLIMP;http://www.dekart.ru/content/images/thumbs/0000148__.jpg;
23931;OLIMP Ўпатлевка по дереву береза;0,4;кг;51,2694;OLIMP;http://www.dekart.ru/content/images/thumbs/0000148__.jpg;
23268;OLIMP Ўпатлевка по дереву береза;0,8;кг;75,1725;OLIMP;http://www.dekart.ru/content/images/thumbs/0000148__.jpg;
23933;OLIMP Ўпатлевка по дереву бук;0,4;кг;51,2694;OLIMP;http://www.dekart.ru/content/images/thumbs/0000148__.jpg;
23269;OLIMP Ўпатлевка по дереву бук;0,8;кг;75,1725;OLIMP;http://www.dekart.ru/content/images/thumbs/0000148__.jpg;
23934;OLIMP Ўпатлевка по дереву дуб;0,4;кг;51,2694;OLIMP;http://www.dekart.ru/content/images/thumbs/0000148__.jpg;
23270;OLIMP Ўпатлевка по дереву дуб;0,8;кг;75,1725;OLIMP;http://www.dekart.ru/content/images/thumbs/0000148__.jpg;
23935;OLIMP Ўпатлевка по дереву махагон;0,4;кг;51,2694;OLIMP;http://www.dekart.ru/content/images/thumbs/0000148__.jpg;
23271;OLIMP Ўпатлевка по дереву махагон;0,8;кг;75,1725;OLIMP;http://www.dekart.ru/content/images/thumbs/0000148__.jpg;
23901;OLIMP Ўпатлевка по дереву сосна;0,4;кг;51,2694;OLIMP;http://www.dekart.ru/content/images/thumbs/0000148__.jpg;
23272;OLIMP Ўпатлевка по дереву сосна;0,8;кг;75,1725;OLIMP;http://www.dekart.ru/content/images/thumbs/0000148__.jpg;
w10813;OLIMP Ўпатлевка универсальна€;;;;OLIMP;http://www.dekart.ru/content/images/thumbs/0000143__.jpg;
10813;;1,6;кг;103,8375;;;
10814;;5;кг;267,4503;;;
10815;;16;кг;769,5324;;;
15126;;28;кг;1356,9309;;;
w10817;OLIMP Ўпатлевка фасадна€;;;;OLIMP;http://www.dekart.ru/content/images/thumbs/0000147__.jpg;
10817;;5;кг;419,9013;;;
10819;;16;кг;1249,5834;;;
12910;;28;кг;2057,7375;;;
w20413;OLIMP Ё ќ-Ћј«”–№ бесцветное ѕокрытие защит. декор. с ”‘-фильтром;;;;OLIMP;http://www.dekart.ru/content/images/thumbs/0001779__.jpeg;
20413;;1;л;218,8017;;;
17227;;2,5;л;519,6906;;;
17228;;10;л;1923,9246;;;
w20414;OLIMP Ё ќ-Ћј«”–№ кедр ѕокрытие защит. декор. с ”‘-фильтром;;;;OLIMP;http://www.dekart.ru/content/images/thumbs/0001779__.jpeg;
20414;;1;л;218,8017;;;
17230;;2,5;л;519,6906;;;
17231;;10;л;1923,9246;;;
w20415;OLIMP Ё ќ-Ћј«”–№ клен ѕокрытие защит. декор. с ”‘-фильтром;;;;OLIMP;http://www.dekart.ru/content/images/thumbs/0001779__.jpeg;
20415;;1;л;218,8017;;;
17238;;2,5;л;519,6906;;;
17244;;10;л;1923,9246;;;
w20416;OLIMP Ё ќ-Ћј«”–№ кофейное дерево ѕокрытие защит. декор. с ”‘-фильтром;;;;OLIMP;http://www.dekart.ru/content/images/thumbs/0001779__.jpeg;
20416;;1;л;218,8017;;;
17240;;2,5;л;519,6906;;;
17245;;10;л;1923,9246;;;
w20417;OLIMP Ё ќ-Ћј«”–№ махагон ѕокрытие защит. декор. с ”‘-фильтром;;;;OLIMP;http://www.dekart.ru/content/images/thumbs/0001779__.jpeg;
20417;;1;л;218,8017;;;
17239;;2,5;л;519,6906;;;
w17247;OLIMP Ё ќ-Ћј«”–№ светлый дуб ѕокрытие защит. декор. с ”‘-фильтром;;;;;;
17247;;10;л;1923,9246;OLIMP;;
20418;;1;л;218,8017;;;
17243;;2,5;л;519,6906;;;
17248;;10;л;1923,9246;;;
w20419;OLIMP Ё ќ-Ћј«”–№ черное дерево ѕокрытие защит. декор. с ”‘-фильтром;;;;OLIMP;http://www.dekart.ru/content/images/thumbs/0001779__.jpeg;
20419;;1;л;218,8017;;;
17241;;2,5;л;519,6906;;;
17249;;10;л;1923,9246;;;
w20605;OLIMP Ёмаль алкидна€ гл€нц. √олуба€;;;;OLIMP;http://www.dekart.ru/content/images/thumbs/0000111__.jpg;
20605;;0,9;л;215,5725;;;
13295;;2,7;л;565,2738;;;
w20604;OLIMP Ёмаль алкидна€ гл€нц. зелена€;;;;OLIMP;http://www.dekart.ru/content/images/thumbs/0000111__.jpg;
20604;;0,9;л;215,3502;;;
13298;;2,7;л;653,1408;;;
20600;"OLIMP Ёмаль алкидна€ гл€нц. св.-зелена€ (0,9л; 6шт)";0,9;л;196,6185;OLIMP;http://www.dekart.ru/content/images/thumbs/0000111__.jpg;
20597;"OLIMP Ёмаль алкидна€ гл€нц. син€€ (0,9л; 6шт)";0,9;л;254,0187;OLIMP;http://www.dekart.ru/content/images/thumbs/0000111__.jpg;
13810;"OLIMP Ёмаль алкидна€ п/матова€ бежева€ (2,7л; 3шт)";2,7;л;652,8483;OLIMP;http://www.dekart.ru/content/images/thumbs/0000155__.jpg;
w20593;OLIMP Ёмаль алкидна€ п/матова€ голуба€;;;;OLIMP;http://www.dekart.ru/content/images/thumbs/0000155__.jpg;
20593;;0,9;л;237,1473;;;
13812;;2,7;л;621,7848;;;
w20592;OLIMP Ёмаль алкидна€ п/матова€ зелена€;;;;OLIMP;http://www.dekart.ru/content/images/thumbs/0000155__.jpg;
20592;;0,9;л;236,9484;;;
13814;;2,7;л;645,8517;;;
13819;OLIMP Ёмаль алкидна€ п/матова€ красна€;2,7;л;762,2199;OLIMP;http://www.dekart.ru/content/images/thumbs/0000155__.jpg;
20589;OLIMP Ёмаль алкидна€ п/матова€ св.-зелена€;0,9;л;226,6407;OLIMP;http://www.dekart.ru/content/images/thumbs/0000155__.jpg;
13831;OLIMP Ёмаль алкидна€ п/матова€ черна€;2,7;л;601,8948;OLIMP;http://www.dekart.ru/content/images/thumbs/0000155__.jpg;
22797;"OLIMP Ёмаль алкидна€ гл€нц. бежева€ RAL 1014 (0,9л; 6шт)";0,9;л;226,3248;;http://www.dekart.ru/content/images/thumbs/0000111__.jpg;
22798;"OLIMP Ёмаль алкидна€ гл€нц. бежева€ RAL 1014 (2,7л; 3шт)";2,7;л;593,4825;;http://www.dekart.ru/content/images/thumbs/0000111__.jpg;
22681;"OLIMP Ёмаль алкидна€ гл€нц. бела€ RAL 9003 (0,9л; 6шт)";0,9;л;235,3689;;http://www.dekart.ru/content/images/thumbs/0000111__.jpg;
22682;"OLIMP Ёмаль алкидна€ гл€нц. бела€ RAL 9003 (2,7л; 3шт)";2,7;л;638,8434;;http://www.dekart.ru/content/images/thumbs/0000111__.jpg;
22791;"OLIMP Ёмаль алкидна€ гл€нц. голуба€ RAL 5024 (0,9л; 6шт)";0,9;л;215,5725;;http://www.dekart.ru/content/images/thumbs/0000111__.jpg;
22792;"OLIMP Ёмаль алкидна€ гл€нц. голуба€ RAL 5024 (2,7л; 3шт)";2,7;л;565,2738;;http://www.dekart.ru/content/images/thumbs/0000111__.jpg;
22689;"OLIMP Ёмаль алкидна€ гл€нц. зелена€ RAL 6002 (0,9л; 6шт)";0,9;л;215,3502;;http://www.dekart.ru/content/images/thumbs/0000111__.jpg;
22690;"OLIMP Ёмаль алкидна€ гл€нц. зелена€ RAL 6002 (2,7л; 3шт)";2,7;л;587,1645;;http://www.dekart.ru/content/images/thumbs/0000111__.jpg;
22693;"OLIMP Ёмаль алкидна€ гл€нц. коричнева€ RAL 8017 (0,9л; 6шт)";0,9;л;199,0287;;http://www.dekart.ru/content/images/thumbs/0000111__.jpg;
22694;"OLIMP Ёмаль алкидна€ гл€нц. коричнева€ RAL 8017 (2,7л; 3шт)";2,7;л;542,6226;;http://www.dekart.ru/content/images/thumbs/0000111__.jpg;
22695;"OLIMP Ёмаль алкидна€ гл€нц. красно-коричнева€ RAL 3009 (0,9л; 6шт)";0,9;л;196,6185;;http://www.dekart.ru/content/images/thumbs/0000111__.jpg;
22793;"OLIMP Ёмаль алкидна€ гл€нц. светло-желта€ RAL 1018 (0,9л; 6шт)";0,9;л;239,1246;;http://www.dekart.ru/content/images/thumbs/0000111__.jpg;
22794;"OLIMP Ёмаль алкидна€ гл€нц. светло-желта€ RAL 1018 (2,7л; 3шт)";2,7;л;653,1408;;http://www.dekart.ru/content/images/thumbs/0000111__.jpg;
22683;"OLIMP Ёмаль алкидна€ гл€нц. светло-сера€ RAL 7004 (0,9л; 6шт)";0,9;л;222,1479;;http://www.dekart.ru/content/images/thumbs/0000111__.jpg;
22684;"OLIMP Ёмаль алкидна€ гл€нц. светло-сера€ RAL 7004 (2,7л; 3шт)";2,7;л;599,5782;;http://www.dekart.ru/content/images/thumbs/0000111__.jpg;
22685;"OLIMP Ёмаль алкидна€ гл€нц. сера€ RAL 7005 (0,9л; 6шт)";0,9;л;196,7121;;http://www.dekart.ru/content/images/thumbs/0000111__.jpg;
22686;"OLIMP Ёмаль алкидна€ гл€нц. сера€ RAL 7005 (2,7л; 3шт)";2,7;л;536,2695;;http://www.dekart.ru/content/images/thumbs/0000111__.jpg;
22789;"OLIMP Ёмаль алкидна€ гл€нц. син€€ RAL 5005 (0,9л; 6шт)";0,9;л;254,0187;;http://www.dekart.ru/content/images/thumbs/0000111__.jpg;
22790;"OLIMP Ёмаль алкидна€ гл€нц. син€€ RAL 5005 (2,7л; 3шт)";2,7;л;682,578;;http://www.dekart.ru/content/images/thumbs/0000111__.jpg;
22687;"OLIMP Ёмаль алкидна€ гл€нц. темно-зелена€ RAL 6005 (0,9л; 6шт)";0,9;л;205,9902;;http://www.dekart.ru/content/images/thumbs/0000111__.jpg;
22688;"OLIMP Ёмаль алкидна€ гл€нц. темно-зелена€ RAL 6005 (2,7л; 3шт)";2,7;л;555,1416;;http://www.dekart.ru/content/images/thumbs/0000111__.jpg;
22795;"OLIMP Ёмаль алкидна€ гл€нц. темно-красна€ RAL 3003 (0,9л; 6шт)";0,9;л;259,6698;;http://www.dekart.ru/content/images/thumbs/0000111__.jpg;
22796;"OLIMP Ёмаль алкидна€ гл€нц. темно-красна€ RAL 3003 (2,7л; 3шт)";2,7;л;696,267;;http://www.dekart.ru/content/images/thumbs/0000111__.jpg;
22697;"OLIMP Ёмаль алкидна€ гл€нц. темно-син€€ RAL 5001 (0,9л; 6шт)";0,9;л;226,8045;;http://www.dekart.ru/content/images/thumbs/0000111__.jpg;
22698;"OLIMP Ёмаль алкидна€ гл€нц. темно-син€€ RAL 5001 (2,7л; 3шт)";2,7;л;610,1784;;http://www.dekart.ru/content/images/thumbs/0000111__.jpg;
22691;"OLIMP Ёмаль алкидна€ гл€нц. черна€ RAL 9005 (0,9л; 6шт)";0,9;л;203,8725;;http://www.dekart.ru/content/images/thumbs/0000111__.jpg;
22692;"OLIMP Ёмаль алкидна€ гл€нц. черна€ RAL 9005 (2,7л; 3шт)";2,7;л;547,1622;;http://www.dekart.ru/content/images/thumbs/0000111__.jpg;
22964;"OLIMP Ёмаль алкидна€ п/матова€ бежевый RAL 1014 (0,9л; 6шт)";0,9;л;248,9877;;http://www.dekart.ru/content/images/thumbs/0000155__.jpg;
22965;"OLIMP Ёмаль алкидна€ п/матова€ бежевый RAL 1014 (2,7л; 3шт)";2,7;л;652,8483;;http://www.dekart.ru/content/images/thumbs/0000155__.jpg;
22950;"OLIMP Ёмаль алкидна€ п/матова€ белый RAL 9003 (0,9л; 6шт)";0,9;л;259,5879;;http://www.dekart.ru/content/images/thumbs/0000155__.jpg;
22951;"OLIMP Ёмаль алкидна€ п/матова€ белый RAL 9003 (2,7л; 3шт)";2,7;л;699,777;;http://www.dekart.ru/content/images/thumbs/0000155__.jpg;
22972;"OLIMP Ёмаль алкидна€ п/матова€ голубой RAL 5024 (0,9л; 6шт)";0,9;л;237,1473;;http://www.dekart.ru/content/images/thumbs/0000155__.jpg;
22973;"OLIMP Ёмаль алкидна€ п/матова€ голубой RAL 5024 (2,7л; 3шт)";2,7;л;621,7848;;http://www.dekart.ru/content/images/thumbs/0000155__.jpg;
22968;"OLIMP Ёмаль алкидна€ п/матова€ зеленый RAL 6002 (0,9л; 6шт)";0,9;л;236,9484;;http://www.dekart.ru/content/images/thumbs/0000155__.jpg;
22969;"OLIMP Ёмаль алкидна€ п/матова€ зеленый RAL 6002 (2,7л; 3шт)";2,7;л;645,8517;;http://www.dekart.ru/content/images/thumbs/0000155__.jpg;
22962;"OLIMP Ёмаль алкидна€ п/матова€ коричневый RAL 8017 (0,9л; 6шт)";0,9;л;218,9421;;http://www.dekart.ru/content/images/thumbs/0000155__.jpg;
22963;"OLIMP Ёмаль алкидна€ п/матова€ коричневый RAL 8017 (2,7л; 3шт)";2,7;л;596,8872;;http://www.dekart.ru/content/images/thumbs/0000155__.jpg;
22960;"OLIMP Ёмаль алкидна€ п/матова€ красно-коричневый RAL 3009 (0,9л; 6шт)";0,9;л;216,3447;;http://www.dekart.ru/content/images/thumbs/0000155__.jpg;
22961;"OLIMP Ёмаль алкидна€ п/матова€ красно-коричневый RAL 3009 (2,7л; 3шт)";2,7;л;616,4964;;http://www.dekart.ru/content/images/thumbs/0000155__.jpg;
22966;"OLIMP Ёмаль алкидна€ п/матова€ светло-желтый RAL 1018 (0,9л; 6шт)";0,9;л;262,9341;;http://www.dekart.ru/content/images/thumbs/0000155__.jpg;
22967;"OLIMP Ёмаль алкидна€ п/матова€ светло-желтый RAL 1018 (2,7л; 3шт)";2,7;л;720,9774;;http://www.dekart.ru/content/images/thumbs/0000155__.jpg;
22952;"OLIMP Ёмаль алкидна€ п/матова€ светло-серый RAL 7004 (0,9л; 6шт)";0,9;л;242,8335;;http://www.dekart.ru/content/images/thumbs/0000155__.jpg;
22953;"OLIMP Ёмаль алкидна€ п/матова€ светло-серый RAL 7004 (2,7л; 3шт)";2,7;л;659,6343;;http://www.dekart.ru/content/images/thumbs/0000155__.jpg;
22954;"OLIMP Ёмаль алкидна€ п/матова€ серый RAL 7005 (0,9л; 6шт)";0,9;л;218,1699;;http://www.dekart.ru/content/images/thumbs/0000155__.jpg;
22955;"OLIMP Ёмаль алкидна€ п/матова€ серый RAL 7005 (2,7л; 3шт)";2,7;л;594,7461;;http://www.dekart.ru/content/images/thumbs/0000155__.jpg;
22974;"OLIMP Ёмаль алкидна€ п/матова€ синий RAL 5005 (0,9л; 6шт)";0,9;л;278,8695;;http://www.dekart.ru/content/images/thumbs/0000155__.jpg;
22975;"OLIMP Ёмаль алкидна€ п/матова€ синий RAL 5005 (2,7л; 3шт)";2,7;л;749,3616;;http://www.dekart.ru/content/images/thumbs/0000155__.jpg;
22970;"OLIMP Ёмаль алкидна€ п/матова€ темно-зеленый RAL 6005 (0,9л; 6шт)";0,9;л;226,6407;;http://www.dekart.ru/content/images/thumbs/0000155__.jpg;
22971;"OLIMP Ёмаль алкидна€ п/матова€ темно-зеленый RAL 6005 (2,7л; 3шт)";2,7;л;610,623;;http://www.dekart.ru/content/images/thumbs/0000155__.jpg;
22958;"OLIMP Ёмаль алкидна€ п/матова€ темно-красный RAL 3003 (0,9л; 6шт)";0,9;л;285,4098;;http://www.dekart.ru/content/images/thumbs/0000155__.jpg;
22959;"OLIMP Ёмаль алкидна€ п/матова€ темно-красный RAL 3003 (2,7л; 3шт)";2,7;л;762,2199;;http://www.dekart.ru/content/images/thumbs/0000155__.jpg;
22976;"OLIMP Ёмаль алкидна€ п/матова€ темно-синий RAL 5001 (0,9л; 6шт)";0,9;л;248,9877;;http://www.dekart.ru/content/images/thumbs/0000155__.jpg;
22977;"OLIMP Ёмаль алкидна€ п/матова€ темно-синий RAL 5001 (2,7л; 3шт)";2,7;л;669,8835;;http://www.dekart.ru/content/images/thumbs/0000155__.jpg;
22956;"OLIMP Ёмаль алкидна€ п/матова€ черный RAL 9005 (0,9л; 6шт)";0,9;л;224,2422;;http://www.dekart.ru/content/images/thumbs/0000155__.jpg;
22957;"OLIMP Ёмаль алкидна€ п/матова€ черный RAL 9005 (2,7л; 3шт)";2,7;л;601,8948;;http://www.dekart.ru/content/images/thumbs/0000155__.jpg;
w14848;OLIMP  раска дл€ дерев€нных фасадов бела€;;;;OLIMP;http://www.dekart.ru/content/images/thumbs/0000118__.jpg;
14848;;0,9;л;365,0166;;;
14849;;2,7;л;1039,9545;;;
14850;;9;л;2965,0959;;;
15265;OLIMP  раска фасад. всесезон. бел. мат. (-20 +35);9;л;2608,047;OLIMP;http://www.dekart.ru/content/images/thumbs/0000107__20_35.jpg;
w13833;OLIMP Ёмаль  дл€ окон и дверей п/м база;;;;OLIMP;http://www.dekart.ru/content/images/thumbs/0000151__.jpg;
13833;;0,9;л;410,2839;;;
13834;;2,7;л;1169,4501;;;
w14757;OLIMP Ёмаль  дл€ отопит. приборов;;;;OLIMP;http://www.dekart.ru/content/images/thumbs/0000152__150.jpg;
14757;;0,9;л;421,4691;;;
14758;;2,7;л;1239,4863;;;
w15979;OLIMP Ёмаль д/бетонных полов бела€ Ѕаза;;;;OLIMP;http://www.dekart.ru/content/images/thumbs/0000150__.jpg;
15979;;0,9;л;370,6326;;;
15981;;2,7;л;999,4842;;;
15982;;9;л;2969,1324;;;
w15991;OLIMP Ёмаль д/бетонных полов св.сера;;;;OLIMP;http://www.dekart.ru/content/images/thumbs/0000150__.jpg;
15991;;2,7;л;999,4842;;;
15992;;9;л;2969,1324;;;
w15988;OLIMP Ёмаль д/бетонных полов сера€;;;;OLIMP;http://www.dekart.ru/content/images/thumbs/0000150__.jpg;
15988;;2,7;л;999,4842;;;
15989;;9;л;2969,1324;;;
9833;JOBI √ерметик акриловый белый;290;мл;87,07985;JOBI;http://www.dekart.ru/content/images/thumbs/0000048_jobi_acryl_dichtmasse_.jpg;
9834;JOBI √ерметик силиконовый белый;290;мл;148,9657;JOBI;http://www.dekart.ru/content/images/thumbs/0000091_jobi_universal_silicon_.jpg;
9835;JOBI √ерметик силиконовый бесцветный;290;мл;148,447;JOBI;http://www.dekart.ru/content/images/thumbs/0000091_jobi_universal_silicon_.jpg;
9838;JOBI √ерметик силиконовый коричневый;290;мл;149,62025;JOBI;http://www.dekart.ru/content/images/thumbs/0000091_jobi_universal_silicon_.jpg;
9837;JOBI √ерметик силиконовый серый;290;мл;149,62025;JOBI;http://www.dekart.ru/content/images/thumbs/0000091_jobi_universal_silicon_.jpg;
9836;JOBI √ерметик силиконовый черный;290;мл;147,61955;JOBI;http://www.dekart.ru/content/images/thumbs/0000091_jobi_universal_silicon_.jpg;
16986;JOBI ќчиститель монтажных  пистолетов;650;мл;122,0427;JOBI;http://www.dekart.ru/content/images/thumbs/0000073_jobi_pistolenshaum_reiniger_.jpg;
8460;JOBI ѕена монтажна€;650;мл;201,24325;JOBI;;
8461;JOBI ѕена монтажна€;675;мл;278,5172;JOBI;;
16954;JOBI ѕена монтажна€ всесезон.;670;мл;277,875;JOBI;;
8462;JOBI ѕена монтажна€ проф.;700;мл;312,1092;JOBI;;
15792;JOBI ѕена монтажна€ проф. 65 всесезон.-18—;1000;мл;373,9827;JOBI;http://www.dekart.ru/content/images/thumbs/0000329_jobi_montageshaum_18_.jpeg;
18032;JOBI ѕена монтажна€ проф. всесезон.;750;мл;319,45745;JOBI;;
15791;JOBI ѕена монтажна€ проф. всесезон. -18—;750;мл;348,2947;JOBI;http://www.dekart.ru/content/images/thumbs/0000329_jobi_montageshaum_18_.jpeg;
11972;OLIMP √ерметик аквариумный бесцветный;290;мл;210,938;OLIMP;http://www.dekart.ru/content/images/thumbs/0000103__.jpg;
13952;OLIMP √ерметик акриловый белый ћ;290;мл;84,8445;OLIMP;http://www.dekart.ru/content/images/thumbs/0000129__.jpg;
16723;OLIMP √ерметик битумный черный;290;мл;170,8499;OLIMP;http://www.dekart.ru/content/images/thumbs/0000106__.jpg;
11971;OLIMP √ерметик нейтр. силиконовый белый;290;мл;187,8682;OLIMP;http://www.dekart.ru/content/images/thumbs/0000126__.jpg;
11970;OLIMP √ерметик нейтр. силиконовый бесцв.;290;мл;187,8682;OLIMP;http://www.dekart.ru/content/images/thumbs/0000126__.jpg;
11979;OLIMP √ерметик паркетный бук PF-37;290;мл;126,4393;OLIMP;http://www.dekart.ru/content/images/thumbs/0000133__.jpg;
11980;OLIMP √ерметик паркетный дуб PF-90;290;мл;126,4393;OLIMP;http://www.dekart.ru/content/images/thumbs/0000133__.jpg;
11983;OLIMP √ерметик паркетный сосна PF-86;290;мл;126,4393;OLIMP;http://www.dekart.ru/content/images/thumbs/0000133__.jpg;
11977;OLIMP √ерметик паркетный темна€ вишн€ PF-10;290;мл;126,4393;OLIMP;http://www.dekart.ru/content/images/thumbs/0000133__.jpg;
11978;OLIMP √ерметик паркетный темный дуб PF-96;290;мл;126,4393;OLIMP;http://www.dekart.ru/content/images/thumbs/0000133__.jpg;
11975;OLIMP √ерметик санит. силиконовый белый;290;мл;142,35845;OLIMP;http://www.dekart.ru/content/images/thumbs/0000136__.jpg;
11976;OLIMP √ерметик санит. силиконовый бесцв.;290;мл;142,35845;OLIMP;http://www.dekart.ru/content/images/thumbs/0000136__.jpg;
20950;OLIMP √ерметик силиконовый белый;80;мл;109,4951;OLIMP;http://www.dekart.ru/content/images/thumbs/0001548__.jpeg;
13951;OLIMP √ерметик силиконовый белый;290;мл;147,15025;OLIMP;http://www.dekart.ru/content/images/thumbs/0000145__.jpg;
20951;OLIMP √ерметик силиконовый бесцветный;80;мл;109,4951;OLIMP;http://www.dekart.ru/content/images/thumbs/0001548__.jpeg;
14054;OLIMP √ерметик силиконовый бесцветный;290;мл;147,15025;OLIMP;http://www.dekart.ru/content/images/thumbs/0000145__.jpg;
13980;OLIMP √ерметик силиконовый коричневый;290;мл;148,45935;OLIMP;http://www.dekart.ru/content/images/thumbs/0000145__.jpg;
13981;OLIMP √ерметик силиконовый серый;290;мл;148,45935;OLIMP;http://www.dekart.ru/content/images/thumbs/0000145__.jpg;
13983;OLIMP √ерметик силиконовый черный;290;мл;148,45935;OLIMP;http://www.dekart.ru/content/images/thumbs/0000145__.jpg;
11973;OLIMP √ерметик термостойкий черный +1500 —;290;мл;135,12135;OLIMP;http://www.dekart.ru/content/images/thumbs/0000140__.jpg;
18118;OLIMP  лей монтажный многоцелевой;450;гр;114,91675;OLIMP;http://www.dekart.ru/content/images/thumbs/0000125__.jpg;
20561;OLIMP  лей строительный влагостойкий;500;гр;164,68725;OLIMP;http://www.dekart.ru/content/images/thumbs/0001476__.jpeg;
20562;OLIMP  лей строительный многоцелевой;500;гр;154,18975;OLIMP;http://www.dekart.ru/content/images/thumbs/0001474__.jpeg;
20563;OLIMP  лей строительный особопрочный;500;гр;153,9798;OLIMP;http://www.dekart.ru/content/images/thumbs/0001473__.jpeg;
13868;OLIMP ѕена монтажна€;650;мл;197,88405;OLIMP;http://www.dekart.ru/content/images/thumbs/0000322__.jpeg;
13844;OLIMP ѕена монтажна€;700;мл;266,32775;OLIMP;http://www.dekart.ru/content/images/thumbs/0000322__.jpeg;
16890;OLIMP ѕена монтажна€ всесезонна€;660;мл;263,2279;OLIMP;http://www.dekart.ru/content/images/thumbs/0000323__10.jpeg;
13809;OLIMP ѕена монтажна€ проф.;700;мл;290,0768;OLIMP;http://www.dekart.ru/content/images/thumbs/0000323__10.jpeg;
15003;OLIMP ѕена монтажна€ проф. 65;875;мл;361,7315;OLIMP;http://www.dekart.ru/content/images/thumbs/0001590__18.jpeg;
18071;OLIMP ѕена монтажна€ проф. 65 всесезонна€;785;мл;367,9065;OLIMP;http://www.dekart.ru/content/images/thumbs/0001590__18.jpeg;
16891;OLIMP ѕена монтажна€ проф. ¬сесезонна€;700;мл;296,3506;OLIMP;http://www.dekart.ru/content/images/thumbs/0000323__10.jpeg;
15933;Ё —ѕ≈–“ √ерметик акриловый белый;270;мл;78,9412;Ё —ѕ≈–“;http://www.dekart.ru/content/images/thumbs/0000348__.jpeg;
18318;Ё —ѕ≈–“ √ерметик силиконовый белый;270;мл;123,66055;Ё —ѕ≈–“;http://www.dekart.ru/content/images/thumbs/0000349__.jpeg;
18319;Ё —ѕ≈–“ √ерметик силиконовый бесцветный;270;мл;123,66055;Ё —ѕ≈–“;http://www.dekart.ru/content/images/thumbs/0000349__.jpeg;
16108;Ё —ѕ≈–“ √ерметик силиконовый коричневый;270;мл;128,3412;Ё —ѕ≈–“;http://www.dekart.ru/content/images/thumbs/0000349__.jpeg;
16079;Ё —ѕ≈–“ √ерметик силиконовый серый;270;мл;128,3412;Ё —ѕ≈–“;http://www.dekart.ru/content/images/thumbs/0000349__.jpeg;
16109;Ё —ѕ≈–“ √ерметик силиконовый черный;270;мл;128,3412;Ё —ѕ≈–“;http://www.dekart.ru/content/images/thumbs/0000349__.jpeg;
16724;Ё —ѕ≈–“ ѕена монтажна€ всесезонна€;450;мл;199,11905;Ё —ѕ≈–“;http://www.dekart.ru/content/images/thumbs/0001564__10c_30c.jpeg;
21079;Ё —ѕ≈–“ ѕена монтажна€ проф. 65 всесезонна€;850;мл;350,90055;Ё —ѕ≈–“;http://www.dekart.ru/content/images/thumbs/0001564__10c_30c.jpeg;
17934;Ё —ѕ≈–“ ѕена монтажна€ проф. всесезонна€;650;мл;272,4904;Ё —ѕ≈–“;http://www.dekart.ru/content/images/thumbs/0001564__10c_30c.jpeg;
15153;BOSTIK √ель дл€ паркета и ламината Clic Protect;125;мл;265,29087;BOSTIK;http://mnogopol.by/sites/default/files/5_53.jpg;
20769;BOSTIK √ерметик полиуретановый серый 2639;600;мл;516,21882;BOSTIK;http://st20.stpulscen.ru/images/product/088/709/453_big.jpg;
6309;BOSTIK  лей акрилов.напол. KE 310;6;кг;1640,80644;BOSTIK;http://linoleumservice.md/sites/default/files/ku_320.jpg;
6308;BOSTIK  лей акрилов.напол. KE 310;20;кг;4692,91485;BOSTIK;http://linoleumservice.md/sites/default/files/ku_320.jpg;
19811;BOSTIK  лей акрилов.напол. KU 320;6;кг;1767,61845;BOSTIK;http://r-parket.spb.ru.images.1c-bitrix-cdn.ru/upload/iblock/4e8/4e805a2f02434e4a475369b46bc3efa8.png?1439216284984131;
19812;BOSTIK  лей акрилов.напол. KU 320;20;кг;5309,25096;BOSTIK;http://r-parket.spb.ru.images.1c-bitrix-cdn.ru/upload/iblock/4e8/4e805a2f02434e4a475369b46bc3efa8.png?1439216284984131;
19813;BOSTIK  лей дл€ склеивани€ швов ѕ¬’ (Linokol );50;мл;178,84737;BOSTIK;http://images.obi.ru/fsicache/obi?type=image&source=ObiWebShop%2FPROD%2FRU%2Fproduct%2F294%2F294388_picture_1.jpg&width=565&height=565&quality=85&effects=pad%28CC,ffff%29;
6307;"BOSTIK  лей паркетный ""Tarbicol-KP5""";6;кг;1705,42749;BOSTIK;http://ognebiozashita.com.ua/wp-content/uploads/2016/02/Bostik-Tarbicol-KP51.jpg;
6306;"BOSTIK  лей паркетный ""Tarbicol-KP5""";20;кг;5111,08377;BOSTIK;http://ognebiozashita.com.ua/wp-content/uploads/2016/02/Bostik-Tarbicol-KP51.jpg;
6305;"BOSTIK  лей паркетный ""Tarbicol-KPA""";7;кг;2511,23808;BOSTIK;https://static-eu.insales.ru/images/products/1/704/69616320/1.jpg;
20952;"BOSTIK  лей паркетный ""Tarbicol- –A""";25;кг;7819,73946;BOSTIK;https://static-eu.insales.ru/images/products/1/704/69616320/1.jpg;
20129;QUELYD Dissoucol ∆идкость дл€ сн€ти€ обоев;250;мл;200,41593;QUELYD;http://nashaotdelka.ru/wp-content/uploads/sostav-dlya-rastvoreniya-kleya.jpg;
20762;QUELYD √ерметик дл€ кровли черный;310;мл;178,04943;QUELYD;http://complexstroy.ru.opt-images.1c-bitrix-cdn.ru/upload/iblock/ad8/ad80fde894984c1b146104b4a90d3a41.jpg?1423751920723978;
20766;QUELYD √идроизол€ци€ —“ќѕ ¬ќƒј;290;мл;372,54126;QUELYD;http://www.kras-ki.ru/images/stories/virtuemart/product/290-stop-voda.jpg;
20767;QUELYD √идроизол€ци€ —“ќѕ ¬ќƒј;1;кг;754,30719;QUELYD;http://www.maxidom.ru/upload/iblock/d84/d8400080547f71b96362aa970cfbf75c.jpg;
20768;QUELYD √идроизол€ци€ —“ќѕ ¬ќƒј;6;кг;3307,42503;QUELYD;http://tdremont.ru/images/catalog/00127545_1.jpg;
20880;QUELYD √рунт универсальный;180;г;118,63917;QUELYD;http://budnezhyn.com.ua/3740-thickbox_default/quelyd-grunt-universalnyy-dlya-schpaler-180-g.jpg;
6297;"QUELYD  лей д/декор.бордюров ""Bordure""";250;г;302,86659;QUELYD;;
6298;"QUELYD  лей д/декор.бордюров ""Bordure""";500;г;261,3858;QUELYD;;
6302;"QUELYD  лей д/стыков обоев ""Raccord""";80;г;198,69915;QUELYD;http://stroyprofi.moscow/images/product_images/2674.png;
21250;QUELYD  лей дл€ паркета Parquet PU 2K;10;кг;3867,3492;QUELYD;http://www.alt-x.ru/images/ed_catalog/pics/1781.jpg;
21667;"QUELYD  лей дл€ пробки ""KORK""";3;кг;1238,35452;QUELYD;http://www.bafus.ru/image/100011002.png;
14776;"QUELYD  лей дл€ стеновых покрытий ""Murale""";5;кг;970,25877;QUELYD;http://build-shop.com/uploads/kind/Murale10_0.jpg;
14996;"QUELYD  лей монтажный ""Mastifix Ultra""";300;мл;173,60031;QUELYD;http://stroyudacha.ru/images/products_resized/o1800/47833.jpg;
14995;"QUELYD  лей монтажный ""Mastifix Ultra""";310;мл;197,98584;QUELYD;http://stroyudacha.ru/images/products_resized/o1800/47833.jpg;
21865;"QUELYD  лей монтажный ""Mastifix ƒекор""";310;мл;162,21153;QUELYD;http://laminatvsem.ru/upload/iblock/781/781039fdb78256c11c3324209f7989f0.jpg;
21866;"QUELYD  лей монтажный ""Mastifix дл€ зеркал""";310;мл;188,16876;QUELYD;http://www.zavsnab.ru/content/images/catalog/826.jpg;
21867;"QUELYD  лей монтажный ""Mastifix —троительный""";310;мл;160,41012;QUELYD;http://t-res.ru/upload/iblock/c9c/d15b094670b211e49403002590eb318b_77550b8b7c7e11e49405002590eb318b.png;
21868;"QUELYD  лей монтажный ""Mastifix —упер —ила""";310;мл;193,12566;QUELYD;http://gksp.me/10244-thickbox_default/zhidkie-gvozdi-quelyd-mastifiks-super-sila-310-ml.jpg;
10334;"QUELYD  лей обойный ""»ндикатор""";150;г;147,83652;QUELYD;http://images.obi.ru/fsicache/obi?type=image&source=ObiWebShop%2FPROD%2FRU%2Fproduct%2F198%2F198517_picture_1.jpg&width=565&height=565&quality=85&effects=pad%28CC,ffff%29;
14778;"QUELYD  лей обойный ""»ндикатор""";250;г;178,21869;QUELYD;http://images.obi.ru/fsicache/obi?type=image&source=ObiWebShop%2FPROD%2FRU%2Fproduct%2F198%2F198517_picture_1.jpg&width=565&height=565&quality=85&effects=pad%28CC,ffff%29;
20719;"QUELYD  лей обойный ""»ндикатор"" бонусный";300;г;162,01809;QUELYD;http://images.obi.ru/fsicache/obi?type=image&source=ObiWebShop%2FPROD%2FRU%2Fproduct%2F198%2F198517_picture_1.jpg&width=565&height=565&quality=85&effects=pad%28CC,ffff%29;
6295;"QUELYD  лей обойный ""—пецвинил""";300;г;189,60747;QUELYD;http://www.oboidv.ru/upload/iblock/4db/4db7503d84cf4ab82f912fa2977549b5.jpeg;
21201;"QUELYD  лей обойный ""—пецвинил""";450;г;254,72421;QUELYD;http://www.oboidv.ru/upload/iblock/4db/4db7503d84cf4ab82f912fa2977549b5.jpeg;
10151;"QUELYD  лей обойный ""—теклообои""";500;г;408,8838;QUELYD;http://s.estateline.ru/files/goods/h0021/1114030/3786735.jpeg;
13278;"QUELYD  лей обойный ""Ёкспресс""";180;г;124,2852;QUELYD;http://nmir.ru/update/Photos/000004799-1-2.jpg;
6294;"QUELYD  лей обойный ""Ёкспресс""";250;г;177,14268;QUELYD;http://nmir.ru/update/Photos/000004799-1-2.jpg;
6296;"QUELYD  лей обойный ""Ёкспресс-супер""";250;г;185,48478;QUELYD;http://www.tdarsenal.ru/upload/iblock/06c/06c3ba0e626b1bfa0239fc2f404784c2.jpg;
6300;"QUELYD  лей обойный флизелинов.""Intisse""";300;г;204,76833;QUELYD;http://www.oboidv.ru/upload/iblock/50c/50cb096661474d5bc17f11a2862ed1f4.jpeg;
21200;"QUELYD  лей обойный флизелинов.""Intisse""";450;г;282,74883;QUELYD;http://www.oboidv.ru/upload/iblock/50c/50cb096661474d5bc17f11a2862ed1f4.jpeg;
15836;"QUELYD  лей обойный флизелинов.""Intisse"" бонусный";360;г;165,92316;QUELYD;http://www.oboidv.ru/upload/iblock/50c/50cb096661474d5bc17f11a2862ed1f4.jpeg;
20198;QUELYD  лей-герметик белый;290;мл;375,32196;QUELYD;http://stroymat77.ru/wa-data/public/shop/products/24/14/1424/images/742/742.970.jpg;
21870;QUELYD  лей-герметик жидкий металл;290;мл;393,66249;QUELYD;http://www.zavsnab.ru/content/images/catalog/300.jpg;
15842;QUELYD  лейка€ масса Blu Tack;50;г;113,30748;QUELYD;http://www.lkmflot.ru/images/big/100962061.jpg;
21969;LIQUID NAILS ∆идкие гвозди LN-601 ”ниверсальные;310;мл;153,72435;LIQUID NAILS;http://www.dekart.ru/content/images/thumbs/0001812__liquid_nails_ln_601_.jpeg;
21972;LIQUID NAILS ∆идкие гвозди LN-901 —верхпрочный;310;мл;170,20302;LIQUID NAILS;http://www.dekart.ru/content/images/thumbs/0001815__liquid_nails_ln_901_.jpeg;
21973;LIQUID NAILS ∆идкие гвозди LN-910 ƒл€ панелей и молдингов;310;мл;165,62091;LIQUID NAILS;http://www.dekart.ru/content/images/thumbs/0001816__liquid_nails_ln_910_.jpeg;
21974;LIQUID NAILS ∆идкие гвозди LN-915 ƒл€ ванных комнат;310;мл;173,8542;LIQUID NAILS;http://www.dekart.ru/content/images/thumbs/0001817__liquid_nails_ln_915_.jpeg;
21057; раска дл€ бордюров гл€нц бела€;20;кг;2130,64488;;http://www.dekart.ru/content/images/thumbs/0001581__.jpeg;
21058; раска дл€ бордюров гл€нц черна€;20;кг;2150,2065;;http://www.dekart.ru/content/images/thumbs/0001581__.jpeg;
21153;Ё ќЌќћ √рунтовка √‘-021 кр-коричневый;20;кг;1419,08793;;http://www.dekart.ru/content/images/thumbs/0001596__021_.jpeg;
21154;Ё ќЌќћ √рунтовка √‘-021 серый;20;кг;1461,17322;;http://www.dekart.ru/content/images/thumbs/0001596__021_.jpeg;
21970;LIQUID NAILS ∆идкие гвозди LN-602 ƒл€ полов и настилов;310;мл;192,15846;LIQUID NAILS;http://www.dekart.ru/content/images/thumbs/0001813__liquid_nails_ln_602_.jpeg;
21971;LIQUID NAILS ∆идкие гвозди LN-604 ƒл€ пенопанелей;310;мл;161,65539;LIQUID NAILS;http://www.dekart.ru/content/images/thumbs/0001991__liquid_nails_ln_604_.jpeg;
21975;LIQUID NAILS ∆идкие гвозди LN-930 ƒл€ зеркал;310;мл;199,27947;LIQUID NAILS;http://www.dekart.ru/content/images/thumbs/0001821__liquid_nails_ln_930_.jpeg;
21976;LIQUID NAILS ∆идкие гвозди LN-950 ѕолиуретановые;310;мл;309,43146;LIQUID NAILS;http://www.dekart.ru/content/images/thumbs/0001819__liquid_nails_ln_950_.jpeg;
21978;LIQUID NAILS  лей-герметик дл€ кровли RR-808;310;мл;169,77987;LIQUID NAILS;http://www.dekart.ru/content/images/thumbs/0001820__liquid_nails_rr_808_.jpeg;
19362;Ё —ѕ≈–“  лей 88 универсальный;1;л;273,4056;Ё —ѕ≈–“;http://www.dekart.ru/content/images/thumbs/0000345__88_.jpeg;
w17710;Ё —ѕ≈–“  лей Ѕустилат всесезонный;;;;Ё —ѕ≈–“;http://www.dekart.ru/content/images/thumbs/0000172__.jpg;
17710;;1;кг;59,2956;;;
17711;;2,5;кг;137,8962;;;
w17712;Ё —ѕ≈–“  лей  —;;;;Ё —ѕ≈–“;http://www.dekart.ru/content/images/thumbs/0000173__.jpg;
17712;;1,5;кг;60,0561;;;
17713;;5;кг;189,3294;;;
17714;;20;кг;659,88;;;
w17103;Ё —ѕ≈–“  лей универсальный;;;;Ё —ѕ≈–“;http://www.dekart.ru/content/images/thumbs/0000177__.jpg;
17103;;0,25;л;86,2173;;;
17109;;0,5;л;120,8493;;;
17110;;1;л;236,106;;;
w17027;Ё —ѕ≈–“  лей Ёƒѕ эпоксидный;;;;Ё —ѕ≈–“;http://www.dekart.ru/content/images/thumbs/0000341__.jpeg;
17027;;100;гр;88,2414;;;
17028;;150;гр;110,0853;;;
17029;;280;гр;191,7513;;;
12553;Ё —ѕ≈–“  раситель универсал.є 1 лимонн.;100;мл;34,0353;Ё —ѕ≈–“;http://www.dekart.ru/content/images/thumbs/0000854__.png;
12554;Ё —ѕ≈–“  раситель универсал.є 2 желтый;100;мл;34,0353;Ё —ѕ≈–“;http://www.dekart.ru/content/images/thumbs/0000854__.png;
12555;Ё —ѕ≈–“  раситель универсал.є 3 жел-кор.;100;мл;34,0353;Ё —ѕ≈–“;http://www.dekart.ru/content/images/thumbs/0000854__.png;
12556;Ё —ѕ≈–“  раситель универсал.є 4 бежевый;100;мл;34,0353;Ё —ѕ≈–“;http://www.dekart.ru/content/images/thumbs/0000854__.png;
17366;Ё —ѕ≈–“  раситель универсал.є 5 золотиста€ охра;100;мл;34,0353;Ё —ѕ≈–“;http://www.dekart.ru/content/images/thumbs/0000854__.png;
12557;Ё —ѕ≈–“  раситель универсал.є 6 оранж.;100;мл;34,0353;Ё —ѕ≈–“;http://www.dekart.ru/content/images/thumbs/0000854__.png;
12558;Ё —ѕ≈–“  раситель универсал.є 7 алый;100;мл;34,0353;Ё —ѕ≈–“;http://www.dekart.ru/content/images/thumbs/0000854__.png;
12559;Ё —ѕ≈–“  раситель универсал.є 8 кр-кор.;100;мл;34,0353;Ё —ѕ≈–“;http://www.dekart.ru/content/images/thumbs/0000854__.png;
17693;Ё —ѕ≈–“  раситель универсал.є 9 шоколад;100;мл;34,0353;Ё —ѕ≈–“;http://www.dekart.ru/content/images/thumbs/0000854__.png;
12560;Ё —ѕ≈–“  раситель универсал.є10 фукси€;100;мл;34,0353;Ё —ѕ≈–“;http://www.dekart.ru/content/images/thumbs/0000854__.png;
17367;Ё —ѕ≈–“  раситель универсал.є11 зеленый;100;мл;34,0353;Ё —ѕ≈–“;http://www.dekart.ru/content/images/thumbs/0000854__.png;
12561;Ё —ѕ≈–“  раситель универсал.є12 салатный;100;мл;34,0353;Ё —ѕ≈–“;http://www.dekart.ru/content/images/thumbs/0000854__.png;
12562;Ё —ѕ≈–“  раситель универсал.є13 зел. ≈ль;100;мл;34,0353;Ё —ѕ≈–“;http://www.dekart.ru/content/images/thumbs/0000854__.png;
12563;Ё —ѕ≈–“  раситель универсал.є14 изумруд;100;мл;34,0353;Ё —ѕ≈–“;http://www.dekart.ru/content/images/thumbs/0000854__.png;
17694;Ё —ѕ≈–“  раситель универсал.є15 морска€ волна;100;мл;34,0353;Ё —ѕ≈–“;http://www.dekart.ru/content/images/thumbs/0000854__.png;
12565;Ё —ѕ≈–“  раситель универсал.є17 голубой;100;мл;34,0353;Ё —ѕ≈–“;http://www.dekart.ru/content/images/thumbs/0000854__.png;
12566;Ё —ѕ≈–“  раситель универсал.є18 синий;100;мл;34,0353;Ё —ѕ≈–“;http://www.dekart.ru/content/images/thumbs/0000854__.png;
12567;Ё —ѕ≈–“  раситель универсал.є20 фиолет.;100;мл;34,0353;Ё —ѕ≈–“;http://www.dekart.ru/content/images/thumbs/0000854__.png;
12568;Ё —ѕ≈–“  раситель универсал.є21 черный;100;мл;34,0353;Ё —ѕ≈–“;http://www.dekart.ru/content/images/thumbs/0000854__.png;
w17047;Ё —ѕ≈–“  раска ћј-15  бела€;;;;Ё —ѕ≈–“;http://www.dekart.ru/content/images/thumbs/0000181__15_.jpg;
17047;;0,9;кг;116,0172;;;
17048;;2,5;кг;281,6073;;;
17049;;3,5;кг;381,4317;;;
17050;;25;кг;2622,3444;;;
w17051;Ё —ѕ≈–“  раска ћј-15 бежева€;;;;Ё —ѕ≈–“;http://www.dekart.ru/content/images/thumbs/0000181__15_.jpg;
17051;;0,9;кг;101,5794;;;
17052;;2,5;кг;244,2258;;;
17054;;25;кг;2116,2258;;;
w17055;Ё —ѕ≈–“  раска ћј-15 голуба€;;;;Ё —ѕ≈–“;http://www.dekart.ru/content/images/thumbs/0000181__15_.jpg;
17055;;0,9;кг;100,9827;;;
17056;;2,5;кг;240,9264;;;
17058;;25;кг;2085,4314;;;
w17059;Ё —ѕ≈–“  раска ћј-15 желта€;;;;Ё —ѕ≈–“;http://www.dekart.ru/content/images/thumbs/0000181__15_.jpg;
17059;;0,9;кг;108,4122;;;
17060;;2,5;кг;252,6147;;;
17062;;25;кг;2259,855;;;
w17063;Ё —ѕ≈–“  раска ћј-15 зелена€;;;;Ё —ѕ≈–“;http://www.dekart.ru/content/images/thumbs/0000181__15_.jpg;
17063;;0,9;кг;99,1107;;;
17064;;2,5;кг;235,5327;;;
17066;;25;кг;2056,8951;;;
w17067;Ё —ѕ≈–“  раска ћј-15 коричнева€;;;;Ё —ѕ≈–“;http://www.dekart.ru/content/images/thumbs/0000181__15_.jpg;
17067;;0,9;кг;97,461;;;
17068;;2,5;кг;231,1335;;;
w17071;Ё —ѕ≈–“  раска ћј-15 красна€;;;;Ё —ѕ≈–“;http://www.dekart.ru/content/images/thumbs/0000181__15_.jpg;
17071;;0,9;кг;102,0825;;;
17072;;2,5;кг;245,5362;;;
w17738;Ё —ѕ≈–“  раска ћј-15 салатова€;;;;Ё —ѕ≈–“;http://www.dekart.ru/content/images/thumbs/0000181__15_.jpg;
17738;;0,9;кг;101,3571;;;
17739;;2,5;кг;241,4412;;;
17741;;25;кг;2079,9558;;;
w17075;Ё —ѕ≈–“  раска ћј-15 сера€;;;;Ё —ѕ≈–“;http://www.dekart.ru/content/images/thumbs/0000181__15_.jpg;
17075;;0,9;кг;95,9868;;;
17076;;2,5;кг;233,1225;;;
17078;;25;кг;1949,5359;;;
w17742;Ё —ѕ≈–“  раска ћј-15 син€€;;;;Ё —ѕ≈–“;http://www.dekart.ru/content/images/thumbs/0000181__15_.jpg;
17742;;0,9;кг;103,5567;;;
17743;;2,5;кг;247,6773;;;
w17079;Ё —ѕ≈–“  раска ћј-15 черна€;;;;Ё —ѕ≈–“;http://www.dekart.ru/content/images/thumbs/0000181__15_.jpg;
17079;;0,9;кг;91,7046;;;
17080;;2,5;кг;217,3392;;;
w17082;Ё —ѕ≈–“  раска ћј-15сурик;;;;Ё —ѕ≈–“;http://www.dekart.ru/content/images/thumbs/0000181__15_.jpg;
17082;;1;кг;101,9772;;;
17083;;2,5;кг;218,6379;;;
17084;;3,5;кг;278,6121;;;
17085;;25;кг;1876,7619;;;
17044;Ё —ѕ≈–“  раска Ѕ“-177 бронзова€;0,5;л;114,2739;Ё —ѕ≈–“;http://www.dekart.ru/content/images/thumbs/0000178__177_.jpg;
17045;Ё —ѕ≈–“  раска Ѕ“-177 золотиста€;0,5;л;117,936;Ё —ѕ≈–“;http://www.dekart.ru/content/images/thumbs/0000178__177_.jpg;
17043;Ё —ѕ≈–“  раска Ѕ“-177 серебр€нка;0,5;л;114,2739;Ё —ѕ≈–“;http://www.dekart.ru/content/images/thumbs/0000178__177_.jpg;
17031;Ё —ѕ≈–“ Ћак ’¬-784 бесцветный;0,5;л;106,9497;Ё —ѕ≈–“;http://www.dekart.ru/content/images/thumbs/0000187__784_.jpg;
17727;Ё —ѕ≈–“ Ћак ’¬-784 бук;0,5;л;106,9497;Ё —ѕ≈–“;http://www.dekart.ru/content/images/thumbs/0000187__784_.jpg;
17728;Ё —ѕ≈–“ Ћак ’¬-784 дуб;0,5;л;106,9497;Ё —ѕ≈–“;http://www.dekart.ru/content/images/thumbs/0000187__784_.jpg;
17032;Ё —ѕ≈–“ Ћак ’¬-784 красное дерево;0,5;л;106,9497;Ё —ѕ≈–“;http://www.dekart.ru/content/images/thumbs/0000187__784_.jpg;
17036;Ё —ѕ≈–“ Ћак ’¬-784 лиственница;0,5;л;106,9497;Ё —ѕ≈–“;http://www.dekart.ru/content/images/thumbs/0000187__784_.jpg;
17729;Ё —ѕ≈–“ Ћак ’¬-784 мокко;0,5;л;106,9497;Ё —ѕ≈–“;http://www.dekart.ru/content/images/thumbs/0000187__784_.jpg;
17033;Ё —ѕ≈–“ Ћак ’¬-784 орегон;0,5;л;106,9497;Ё —ѕ≈–“;http://www.dekart.ru/content/images/thumbs/0000187__784_.jpg;
17035;Ё —ѕ≈–“ Ћак ’¬-784 орех;0,5;л;106,9497;Ё —ѕ≈–“;http://www.dekart.ru/content/images/thumbs/0000187__784_.jpg;
17034;Ё —ѕ≈–“ Ћак ’¬-784 сосна;0,5;л;106,9497;Ё —ѕ≈–“;http://www.dekart.ru/content/images/thumbs/0000187__784_.jpg;
17038;Ё —ѕ≈–“ ћорилка дуб;0,5;л;100,6317;Ё —ѕ≈–“;http://www.dekart.ru/content/images/thumbs/0000157__.jpg;
17039;Ё —ѕ≈–“ ћорилка клен;0,5;л;100,6317;Ё —ѕ≈–“;http://www.dekart.ru/content/images/thumbs/0000157__.jpg;
17040;Ё —ѕ≈–“ ћорилка красное дерево;0,5;л;100,6317;Ё —ѕ≈–“;http://www.dekart.ru/content/images/thumbs/0000157__.jpg;
17041;Ё —ѕ≈–“ ћорилка лиственница;0,5;л;100,6317;Ё —ѕ≈–“;http://www.dekart.ru/content/images/thumbs/0000157__.jpg;
17042;Ё —ѕ≈–“ ћорилка мокко;0,5;л;100,6317;Ё —ѕ≈–“;http://www.dekart.ru/content/images/thumbs/0000157__.jpg;
w17680;Ё —ѕ≈–“ ∆идкое стекло;;;;Ё —ѕ≈–“;http://www.dekart.ru/content/images/thumbs/0000169__.jpg;
17680;;1,3;кг;71,5572;;;
19851;;3,8;кг;179,6886;;;
17455;;7;кг;313,7004;;;
17456;;14;кг;594,3951;;;
w18225;Ё —ѕ≈–“ Ћак Ѕитумный Ѕ“-577;;;;Ё —ѕ≈–“;http://www.dekart.ru/content/images/thumbs/0001565__577_.jpeg;
18225;;0,5;л;45,0567;;;
18226;;3;л;198,4554;;;
18228;;10;л;674,5518;;;
w18608;Ё —ѕ≈–“ ћастика битумна€ холодного отверждени€;;;;Ё —ѕ≈–“;http://www.dekart.ru/content/images/thumbs/0000165__.jpg;
18608;;1,8;кг;164,2797;;;
18609;;18;кг;1324,674;;;
w18610;Ё —ѕ≈–“ ћастика резино-битумна€;;;;Ё —ѕ≈–“;http://www.dekart.ru/content/images/thumbs/0000194__.jpg;
18610;;1,8;кг;184,5441;;;
18611;;18;кг;1495,1196;;;
w18229;Ё —ѕ≈–“ ќлифа ќксоль марки ѕ¬;;;;Ё —ѕ≈–“;http://www.dekart.ru/content/images/thumbs/0001547__.png;
18229;;0,5;кг;60,4773;;;
18230;;3;кг;304,0011;;;
19852;;5;кг;479,5245;;;
18232;;9;кг;928,0674;;;
18856;Ё —ѕ≈–“ ѕраймер битумный;16;кг;1461,8097;;http://www.dekart.ru/content/images/thumbs/0000347__.jpeg;
w20832;Ё —ѕ≈–“ ѕротивоморозна€ добавка дл€ бетонных и цементных растворов;;;;Ё —ѕ≈–“;http://www.dekart.ru/content/images/thumbs/0001518__.jpeg;
20832;;10;л;360,3249;Ё —ѕ≈–“;;
20833;;20;л;712,4598;;;
w15460;Ё —ѕ≈–“ Ћак мебельный Ќ÷-218ћ;;;;Ё —ѕ≈–“;http://www.domstroy45.ru/images/products_photo/stroitelnye_materialy/lakokrasochnye_materialy/laki/lak_ekspertxncz_218m_17kg_mebelnyj/h01661_12.jpg;
15460;;1,7;кг;337,428;;;
22810;;0,7;кг;159,5997;;;
22811;;1,7;кг;357,9498;;;
w22812;Ё —ѕ≈–“ Ћак мебельный Ќ÷-222ћ;;;;Ё —ѕ≈–“;http://static.baza.farpost.ru/v/1444368203197_bulletin;
22812;;0,7;кг;143,2665;;;
22813;;1,7;кг;324,6282;;;
w15464;Ё —ѕ≈–“ Ћак мебельный Ќ÷-243ћ матовый;;;;Ё —ѕ≈–“;http://xn--80agatlhjjbulh.xn--90afqsbambik.xn--p1ai/upload/iblock/7fb/7fb5133267f43bcca39b31367584c270.jpg;
15464;;1,7;кг;347,8995;;;
22814;;0,7;кг;154,908;;;
w22596;Ё —ѕ≈–“ Ёмаль Ќ÷-132ћ бела€;;;;Ё —ѕ≈–“;http://www.dekart.ru/content/images/thumbs/0000534__132_.jpeg;
22596;;0,7;кг;141,4179;;;
22597;;1,7;кг;319,6206;;;
22598;;8;кг;1441,44;;;
w15476;Ё —ѕ≈–“ Ёмаль Ќ÷-132ћ голуба€;;;;Ё —ѕ≈–“;http://www.dekart.ru/content/images/thumbs/0000534__132_.jpeg;
15476;;0,7;кг;142,7166;;;
15489;;1,7;кг;302,9013;;;
15688;;8;кг;1442,727;;;
w22604;Ё —ѕ≈–“ Ёмаль Ќ÷-132ћ желта€;;;;Ё —ѕ≈–“;http://www.dekart.ru/content/images/thumbs/0000534__132_.jpeg;
22604;;0,7;кг;146,4489;;;
22605;;1,7;кг;328,2201;;;
22606;;8;кг;1480,2021;;;
w22607;Ё —ѕ≈–“ Ёмаль Ќ÷-132ћ защитна€;;;;Ё —ѕ≈–“;http://www.dekart.ru/content/images/thumbs/0000534__132_.jpeg;
22607;;0,7;кг;146,2851;;;
22608;;1,7;кг;328,2201;;;
22609;;8;кг;1480,2021;;;
w22610;Ё —ѕ≈–“ Ёмаль Ќ÷-132ћ зелена€;;;;Ё —ѕ≈–“;http://www.dekart.ru/content/images/thumbs/0000534__132_.jpeg;
22610;;0,7;кг;146,2851;;;
22611;;1,7;кг;328,2201;;;
22612;;8;кг;1480,2021;;;
w22613;Ё —ѕ≈–“ Ёмаль Ќ÷-132ћ золотисто-желта€;;;;Ё —ѕ≈–“;http://www.dekart.ru/content/images/thumbs/0000534__132_.jpeg;
22613;;0,7;кг;146,2851;;;
22614;;1,7;кг;328,2201;;;
22615;;8;кг;1480,2021;;;
w22731;Ё —ѕ≈–“ Ёмаль Ќ÷-132ћ коричнева€;;;;Ё —ѕ≈–“;http://www.dekart.ru/content/images/thumbs/0000534__132_.jpeg;
22731;;0,7;кг;142,7166;;;
22732;;1,7;кг;318,2283;;;
22733;;8;кг;1442,727;;;
w22734;Ё —ѕ≈–“ Ёмаль Ќ÷-132ћ красна€;;;;Ё —ѕ≈–“;http://www.dekart.ru/content/images/thumbs/0000534__132_.jpeg;
22734;;0,7;кг;146,4489;;;
22735;;1,7;кг;328,2201;;;
22736;;8;кг;1480,2021;;;
w22737;Ё —ѕ≈–“ Ёмаль Ќ÷-132ћ оранжева€;;;;Ё —ѕ≈–“;http://www.dekart.ru/content/images/thumbs/0000534__132_.jpeg;
22737;;0,7;кг;146,2851;;;
22738;;1,7;кг;328,2201;;;
22739;;8;кг;1480,2021;;;
w22740;Ё —ѕ≈–“ Ёмаль Ќ÷-132ћ сера€;;;;Ё —ѕ≈–“;http://www.dekart.ru/content/images/thumbs/0000534__132_.jpeg;
22740;;0,7;кг;142,7166;;;
22741;;1,7;кг;318,2283;;;
22742;;8;кг;1442,727;;;
w22743;Ё —ѕ≈–“ Ёмаль Ќ÷-132ћ син€€;;;;Ё —ѕ≈–“;http://www.dekart.ru/content/images/thumbs/0000534__132_.jpeg;
22743;;0,7;кг;146,4489;;;
22744;;1,7;кг;328,2201;;;
22745;;8;кг;1480,2021;;;
w22746;Ё —ѕ≈–“ Ёмаль Ќ÷-132ћ черна€;;;;Ё —ѕ≈–“;http://www.dekart.ru/content/images/thumbs/0000534__132_.jpeg;
22746;;0,7;кг;137,3814;;;
22747;;1,7;кг;306,3294;;;
22748;;8;кг;1388,8017;;;
w22749;Ё —ѕ≈–“ Ёмаль Ќ÷-132ћ €рко-зелена€;;;;Ё —ѕ≈–“;http://www.dekart.ru/content/images/thumbs/0000534__132_.jpeg;
22749;;0,7;кг;146,4489;;;
22750;;1,7;кг;328,2201;;;
22751;;8;кг;1480,2021;;;
w23238;Ё —ѕ≈–“ јцетон;;;;Ё —ѕ≈–“;http://domsklad.ru/linkpics/image17%C2%A0355.JPEG;
23238;;0,44;л;71,4051;;;
23239;;0,9;л;119,5623;;;
23240;;5;л;633,2742;;;
23241;;10;л;1225,7739;;;
w23242;Ё —ѕ≈–“  еросин;;;;Ё —ѕ≈–“;http://static.baza.farpost.ru/v/1444368211163_bulletin;
23242;;0,44;л;56,4525;;;
23243;;0,86;л;91,1196;;;
w23244;Ё —ѕ≈–“ ќбезжириватель универсальный;;;;Ё —ѕ≈–“;http://www.dekart.ru/content/images/thumbs/0001345__.png;
23244;;0,44;л;73,2537;;;
23245;;0,86;л;127,0035;;;
w23246;Ё —ѕ≈–“ –астворитель 646;;;;Ё —ѕ≈–“;;
23246;;0,44;л;52,1235;;;
23247;;0,86;л;87,984;;;
23248;;5;л;449,5491;;;
23249;;10;л;850,8708;;;
w23250;Ё —ѕ≈–“ –астворитель 647;;;;Ё —ѕ≈–“;http://www.dekart.ru/public/image/articles/ekspert_rastvoritel_647.jpeg;
23250;;0,44;л;53,5743;;;
23251;;0,86;л;92,0556;;;
23252;Ё —ѕ≈–“ –астворитель 650;0,44;л;65,5317;Ё —ѕ≈–“;http://www.dekart.ru/content/images/thumbs/0000335__650.jpeg;
23253;Ё —ѕ≈–“ –астворитель 651;0,44;л;55,2708;Ё —ѕ≈–“;http://www.dekart.ru/content/images/thumbs/0000336__651.jpeg;
23254;Ё —ѕ≈–“ —кипидар;0,44;л;76,7637;Ё —ѕ≈–“;http://www.dekart.ru/public/image/articles/ekspert_skipidar_rastvoritel.jpeg;
23255;Ё —ѕ≈–“ —ольвент;0,44;л;67,6026;Ё —ѕ≈–“;http://www.dekart.ru/public/image/articles/ekspert_solvent_rastvoritel.jpeg;
23256;Ё —ѕ≈–“ ‘ерризол преобраз-ль ржав.;0,44;л;85,7844;Ё —ѕ≈–“;http://www.dekart.ru/public/image/articles/Ekspert-Ferrizol-11.jpg;
w17715;Ё —ѕ≈–“ Ўпатлевка масл€но-клеева€;;;;Ё —ѕ≈–“;http://www.dekart.ru/content/images/thumbs/0000855__.png;
17715;;1,5;кг;55,9611;;;
17716;;5;кг;153,3636;;;
w17718;Ё —ѕ≈–“ Ўпатлевка на ѕ¬ј;;;;Ё —ѕ≈–“;http://www.dekart.ru/content/images/thumbs/0000856__.png;
17718;;1,5;кг;59,0382;;;
17719;;5;кг;172,4346;;;
w15387;Ё —ѕ≈–“ √рунтовка √‘-021ћ кр-коричневый;;;;Ё —ѕ≈–“;http://www.dekart.ru/content/images/thumbs/0000354__021_.jpeg;
15387;;0,8;кг;91,7865;;;
15501;;1,8;кг;181,5957;;;
15623;;2,7;кг;251,8425;;;
15502;;20;кг;1838,1168;;;
w15503;Ё —ѕ≈–“ √рунтовка √‘-021ћ серый;;;;Ё —ѕ≈–“;http://www.dekart.ru/content/images/thumbs/0000354__021_.jpeg;
15503;;0,8;кг;93,0033;;;
15504;;1,8;кг;187,8435;;;
15625;;2,7;кг;270,153;;;
15505;;20;кг;1966,3956;;;
w15512;Ё —ѕ≈–“ Ёмаль ѕ‘-115ћ гл€нц бежева€;;;;Ё —ѕ≈–“;http://www.dekart.ru/content/images/thumbs/0000212__115_.jpg;
15512;;0,8;кг;126,7227;;;
15513;;1,8;кг;274,4703;;;
15569;;2,7;кг;381,5838;;;
15514;;20;кг;2624,1813;;;
w15515;Ё —ѕ≈–“ Ёмаль ѕ‘-115ћ гл€нц бирюзова€;;;;Ё —ѕ≈–“;http://www.dekart.ru/content/images/thumbs/0000212__115_.jpg;
15515;;0,8;кг;124,1253;;;
15516;;1,8;кг;272,4462;;;
15570;;2,7;кг;388,8846;;;
15517;;20;кг;2701,5066;;;
w15518;Ё —ѕ≈–“ Ёмаль ѕ‘-115ћ гл€нц вишнева€;;;;Ё —ѕ≈–“;http://www.dekart.ru/content/images/thumbs/0000212__115_.jpg;
15518;;0,8;кг;133,7661;;;
15519;;1,8;кг;281,0223;;;
15571;;2,7;кг;408,2715;;;
15520;;20;кг;2788,578;;;
w15521;Ё —ѕ≈–“ Ёмаль ѕ‘-115ћ гл€нц голуба€;;;;Ё —ѕ≈–“;http://www.dekart.ru/content/images/thumbs/0000212__115_.jpg;
15521;;0,8;кг;119,7846;;;
15522;;1,8;кг;254,6505;;;
15573;;2,7;кг;348,7302;;;
15523;;20;кг;2451,4308;;;
w15524;Ё —ѕ≈–“ Ёмаль ѕ‘-115ћ гл€нц желта€;;;;Ё —ѕ≈–“;http://www.dekart.ru/content/images/thumbs/0000212__115_.jpg;
15524;;0,8;кг;150,6258;;;
15525;;1,8;кг;316,8009;;;
15575;;2,7;кг;443,6874;;;
15526;;20;кг;2885,4423;;;
w15527;Ё —ѕ≈–“ Ёмаль ѕ‘-115ћ гл€нц зелена€;;;;Ё —ѕ≈–“;http://www.dekart.ru/content/images/thumbs/0000212__115_.jpg;
15527;;0,8;кг;124,0083;;;
15528;;1,8;кг;265,6251;;;
15576;;2,7;кг;384,9651;;;
15529;;20;кг;2540,8305;;;
w15530;Ё —ѕ≈–“ Ёмаль ѕ‘-115ћ гл€нц коричнева€;;;;Ё —ѕ≈–“;http://www.dekart.ru/content/images/thumbs/0000212__115_.jpg;
15530;;0,8;кг;119,0475;;;
15531;;1,8;кг;256,0077;;;
15577;;2,7;кг;366,1632;;;
15532;;20;кг;2563,0488;;;
w15533;Ё —ѕ≈–“ Ёмаль ѕ‘-115ћ гл€нц красна€;;;;Ё —ѕ≈–“;http://www.dekart.ru/content/images/thumbs/0000212__115_.jpg;
15533;;0,8;кг;151,7958;;;
15534;;1,8;кг;308,7513;;;
15578;;2,7;кг;442,4706;;;
15535;;20;кг;3047,5809;;;
w15536;Ё —ѕ≈–“ Ёмаль ѕ‘-115ћ гл€нц салатова€;;;;Ё —ѕ≈–“;http://www.dekart.ru/content/images/thumbs/0000212__115_.jpg;
15536;;0,8;кг;132,7482;;;
15537;;1,8;кг;280,566;;;
15579;;2,7;кг;390,7566;;;
15538;;20;кг;2667,9627;;;
w15539;Ё —ѕ≈–“ Ёмаль ѕ‘-115ћ гл€нц св.-зелена€;;;;Ё —ѕ≈–“;http://www.dekart.ru/content/images/thumbs/0000212__115_.jpg;
15539;;0,8;кг;125,4123;;;
15540;;1,8;кг;257,2947;;;
15581;;2,7;кг;362,8872;;;
15541;;20;кг;2485,2906;;;
w15542;Ё —ѕ≈–“ Ёмаль ѕ‘-115ћ гл€нц св.-сера€;;;;Ё —ѕ≈–“;http://www.dekart.ru/content/images/thumbs/0000212__115_.jpg;
15542;;0,8;кг;126,1962;;;
15543;;1,8;кг;260,3718;;;
15583;;2,7;кг;373,7799;;;
15544;;20;кг;2496,0312;;;
w15545;Ё —ѕ≈–“ Ёмаль ѕ‘-115ћ гл€нц сера€;;;;Ё —ѕ≈–“;http://www.dekart.ru/content/images/thumbs/0000212__115_.jpg;
15545;;0,8;кг;117,6669;;;
15546;;1,8;кг;253,9953;;;
15582;;2,7;кг;359,1432;;;
15547;;20;кг;2464,1019;;;
w15548;Ё —ѕ≈–“ Ёмаль ѕ‘-115ћ гл€нц син€€;;;;Ё —ѕ≈–“;http://www.dekart.ru/content/images/thumbs/0000212__115_.jpg;
15548;;0,8;кг;129,6711;;;
15549;;1,8;кг;273,663;;;
15580;;2,7;кг;393,1083;;;
15550;;20;кг;2679,8031;;;
w15551;Ё —ѕ≈–“ Ёмаль ѕ‘-115ћ гл€нц черна€;;;;Ё —ѕ≈–“;http://www.dekart.ru/content/images/thumbs/0000212__115_.jpg;
15551;;0,8;кг;118,1115;;;
15552;;1,8;кг;244,3077;;;
15574;;2,7;кг;348,1452;;;
15553;;20;кг;2334,2202;;;
w15554;Ё —ѕ≈–“ Ёмаль ѕ‘-266ћ желто-коричнева€;;;;Ё —ѕ≈–“;http://www.dekart.ru/content/images/thumbs/0000213__266_.jpg;
15554;;0,9;кг;121,1418;;;
15556;;1,9;кг;238,2939;;;
15572;;2,7;кг;324,4059;;;
15557;;20;кг;2235,0627;;;
w15558;Ё —ѕ≈–“ Ёмаль ѕ‘-266ћ золотисто-коричнева€;;;;Ё —ѕ≈–“;http://www.dekart.ru/content/images/thumbs/0000213__266_.jpg;
15558;;0,9;кг;125,7048;;;
15559;;1,9;кг;247,2327;;;
15584;;2,7;кг;336,5973;;;
15560;;20;кг;2319,057;;;
w15561;Ё —ѕ≈–“ Ёмаль ѕ‘-266ћ красно-коричнева€;;;;Ё —ѕ≈–“;http://www.dekart.ru/content/images/thumbs/0000213__266_.jpg;
15561;;0,9;кг;117,9594;;;
15562;;1,9;кг;241,0083;;;
15585;;2,7;кг;328,1148;;;
15563;;20;кг;2175,3693;;;
w22505;Ё —ѕ≈–“  раска дл€ садовых деревьев;;;;Ё —ѕ≈–“;http://www.dekart.ru/content/images/thumbs/0001368__.jpeg;
22505;;1,2;кг;49,3155;;;
20159;;2,7;кг;101,5209;;;
w18870;Ё —ѕ≈–“  раска дл€ стен и потолков;;;;Ё —ѕ≈–“;http://www.dekart.ru/content/images/thumbs/0001762__.jpeg;
18870;;1,3;кг;63,3906;;;
15761;;3;кг;122,6745;;;
9010;;7;кг;266,3037;;;
9011;;14;кг;500,9355;;;
11867;;28;кг;964,5129;;;
w15762;Ё —ѕ≈–“  раска фасадна€;;;;Ё —ѕ≈–“;http://www.dekart.ru/content/images/thumbs/0000205__.jpg;
15762;;3;кг;167,9418;;;
9033;;7;кг;365,2623;;;
9034;;14;кг;694,3365;;;
11862;;28;кг;1356,9309;;;
w18088;Ё —ѕ≈–“  раска влагостойка€ с/б внутр.;;;;Ё —ѕ≈–“;http://www.dekart.ru/content/images/thumbs/0000166__.jpg;
18088;;1,3;кг;103,5801;;;
15765;;3;кг;179,9811;;;
9734;;7;кг;391,1895;;;
9735;;14;кг;748,3788;;;
11868;;28;кг;1462,2426;;;
w16008;Ё —ѕ≈–“  раска интерьерна€ с/б;;;;Ё —ѕ≈–“;http://www.dekart.ru/content/images/thumbs/0000170__.jpg;
16008;;1,3;кг;74,6226;;;
16009;;3;кг;144,8811;;;
16010;;7;кг;311,4423;;;
16011;;14;кг;591,4935;;;
16012;;28;кг;1152,684;;;
w18089;Ё —ѕ≈–“  раска моюща€с€ с/б;;;;Ё —ѕ≈–“;http://www.dekart.ru/content/images/thumbs/0000188__.jpg;
18089;;1,3;кг;112,4253;;;
17368;;3;кг;202,4568;;;
17369;;7;кг;457,6455;;;
17370;;14;кг;875,2887;;;
17371;;28;кг;1662,0201;;;
w18868;Ё —ѕ≈–“  раска потолочна€ с/б;;;;Ё —ѕ≈–“;http://www.dekart.ru/content/images/thumbs/0001762__.jpeg;
18868;;1,3;кг;75,699;;;
15766;;3;кг;146,5425;;;
9740;;7;кг;314,8704;;;
9741;;14;кг;595,4013;;;
11871;;28;кг;1148,4837;;;
w16021;Ё —ѕ≈–“  раска структурна€ с/б;;;;Ё —ѕ≈–“;http://www.dekart.ru/content/images/thumbs/0000198__.jpg;
16021;;7;кг;417,5145;;;
16022;;14;кг;805,2993;;;
16023;;28;кг;1530,0909;;;
w15789;Ё —ѕ≈–“  раска фасадна€ с/б;;;;Ё —ѕ≈–“;http://www.dekart.ru/content/images/thumbs/0000205__.jpg;
15789;;1,3;кг;112,3434;;;
15768;;3;кг;217,6785;;;
9775;;7;кг;496,4076;;;
9774;;14;кг;949,806;;;
11873;;28;кг;1859,8554;;;
w23050;Ё —ѕ≈–“ Ѕетон-контакт;;;;Ё —ѕ≈–“;http://www.dekart.ru/content/images/thumbs/0001966__.jpeg;
23050;;3,5;кг;269,3574;;;
23052;;14;кг;1061,2719;;;
w23567;Ё —ѕ≈–“ √рунтовка гл. пр. ¬ƒј -0181ћ;;;;Ё —ѕ≈–“;http://www.dekart.ru/content/images/thumbs/0002113__.jpeg;
23567;;0,9;кг;47,6541;;;
23568;;3;кг;134,3043;;;
23569;;5;кг;193,7988;;;
23570;;10;кг;350,8947;;;
w23575;Ё —ѕ≈–“ √рунтовка фасадна€ ¬ƒј -0181ћ;;;;Ё —ѕ≈–“;http://www.dekart.ru/content/images/thumbs/0002114__.jpeg;
23575;;5;кг;246,6594;;;
23576;;10;кг;477,8748;;;
w20439;Ё —ѕ≈–“  лей ѕ¬ј  строительный;;;;Ё —ѕ≈–“;http://www.dekart.ru/content/images/thumbs/0000175__.jpg;
20439;;0,9;кг;60,7815;;;
20160;;2,1;кг;123,9498;;;
10911;;10;кг;568,5264;;;
w20438;Ё —ѕ≈–“  лей ѕ¬ј стол€рный;;;;Ё —ѕ≈–“;http://www.dekart.ru/content/images/thumbs/0000174__.jpg;
20438;;0,9;кг;112,9752;;;
20161;;2,1;кг;251,7606;;;
w20440;Ё —ѕ≈–“  лей ѕ¬ј универсальный;;;;Ё —ѕ≈–“;http://www.dekart.ru/content/images/thumbs/0000176__.jpg;
20440;;0,9;кг;79,8759;;;
20162;;2,1;кг;162,8523;;;
10914;;10;кг;736,632;;;
w18018;Ё —ѕ≈–“ Ћак ѕ‘-231ћ паркетный гл€нц.;;;;Ё —ѕ≈–“;http://www.dekart.ru/content/images/thumbs/0000186__231_m_.jpg;
18018;;0,8;кг;165,3093;;;
18019;;1,8;кг;356,6979;;;
21047;Ё —ѕ≈–“ Ўтукатурка рустова€ 2мм;18;кг;1166,0337;;http://www.dekart.ru/content/images/thumbs/0000195__.jpg;
21048;Ё —ѕ≈–“ Ўтукатурка фактурна€ 0,3 мм;18;кг;1089,7848;;http://www.dekart.ru/content/images/thumbs/0000201__.jpg;
w22109;Ё —ѕ≈–“ ”айт-спирит;;;;Ё —ѕ≈–“;http://www.dekart.ru/content/images/thumbs/0002127__585_.jpeg;
22109;;0,5;гр;49,1283;;;
22110;;1;гр;83,655;;;
22111;;5;кг;408,8682;;;
22112;;10;кг;742,2012;;;
10851;Ё —ѕ≈–“ Ўпакрил морозостойкий -30—∞;1,6;кг;76,0032;;http://www.dekart.ru/public/image/articles/Jekspert-Shpakril.jpg;
w17471;Ё —ѕ≈–“ Ёмаль акрилова€ гл€нц бела€;;;;Ё —ѕ≈–“;http://www.dekart.ru/content/images/thumbs/0000160__.jpg;
17471;;1;кг;229,1913;;;
17474;;2,5;кг;544,2957;;;
w17473;Ё —ѕ≈–“ Ёмаль акрилова€ д/радиаторов п/матова€ бела€;;;;Ё —ѕ≈–“;http://www.dekart.ru/content/images/thumbs/0000161__80.jpg;
17473;;1;кг;208,728;;;
17472;;2,5;кг;504,1179;;;
w19641;Ё —ѕ≈–“ Ёмаль ѕ‘-115ћ   мат бела€;;;;Ё —ѕ≈–“;http://www.dekart.ru/content/images/thumbs/0000212__115_.jpg;
19641;;0,9;кг;139,5225;;;
19642;;1,9;кг;283,8888;;;
19643;;2,7;кг;399,2274;;;
19644;;20;кг;2537,0748;;;
w15509;Ё —ѕ≈–“ Ёмаль ѕ‘-115ћ  гл€нц бела€;;;;Ё —ѕ≈–“;http://www.dekart.ru/content/images/thumbs/0000212__115_.jpg;
15509;;0,9;кг;143,4654;;;
15510;;1,9;кг;286,3458;;;
15567;;2,7;кг;393,9507;;;
15511;;20;кг;2738,5371;;;
w20248;Ё —ѕ≈–“ Ёмаль алкидна€ дл€ радиаторов бела€;;;;Ё —ѕ≈–“;http://www.dekart.ru/content/images/thumbs/0001467__80.jpeg;
20248;;0,5;кг;127,3662;;;
17279;;0,9;кг;176,5764;;;
w22925;Ё —ѕ≈–“ Ёмаль по ржав. 3в1 бежевый RAL 1014;;;;Ё —ѕ≈–“;http://www.dekart.ru/content/images/thumbs/0000211__.jpg;
22925;;0,8;кг;262,5597;;;
22926;;2;кг;610,0029;;;
w22907;Ё —ѕ≈–“ Ёмаль по ржав. 3в1 белый RAL 9003;;;;Ё —ѕ≈–“;http://www.dekart.ru/content/images/thumbs/0000211__.jpg;
22907;;0,8;кг;262,5597;;;
22908;;2;кг;610,0029;;;
w22929;Ё —ѕ≈–“ Ёмаль по ржав. 3в1 белый RAL 9003;;;;Ё —ѕ≈–“;http://www.dekart.ru/content/images/thumbs/0000211__.jpg;
22929;;0,8;кг;262,5597;;;
22930;;2;кг;610,0029;;;
w22911;Ё —ѕ≈–“ Ёмаль по ржав. 3в1 зелена€ RAL 6002;;;;Ё —ѕ≈–“;http://www.dekart.ru/content/images/thumbs/0000211__.jpg;
22911;;0,8;кг;262,5597;;;
22912;;2;кг;610,0029;;;
w22919;Ё —ѕ≈–“ Ёмаль по ржав. 3в1 коричневый RAL 8017;;;;Ё —ѕ≈–“;http://www.dekart.ru/content/images/thumbs/0000211__.jpg;
22919;;0,8;кг;262,5597;;;
22920;;2;кг;610,0029;;;
w22917;Ё —ѕ≈–“ Ёмаль по ржав. 3в1 красно-коричнева€  RAL 3009;;;;Ё —ѕ≈–“;http://www.dekart.ru/content/images/thumbs/0000211__.jpg;
22917;;0,8;кг;262,5597;;;
22918;;2;кг;610,0029;;;
w22923;Ё —ѕ≈–“ Ёмаль по ржав. 3в1 светло-желтый RAL 1018;;;;Ё —ѕ≈–“;http://www.dekart.ru/content/images/thumbs/0000211__.jpg;
22923;;0,8;кг;262,5597;;;
22924;;2;кг;610,0029;;;
w22933;Ё —ѕ≈–“ Ёмаль по ржав. 3в1 светло-серый RAL 7004;;;;Ё —ѕ≈–“;http://www.dekart.ru/content/images/thumbs/0000211__.jpg;
22933;;0,8;кг;262,5597;;;
22934;;2;кг;610,0029;;;
w22909;Ё —ѕ≈–“ Ёмаль по ржав. 3в1 сера RAL 7005;;;;Ё —ѕ≈–“;http://www.dekart.ru/content/images/thumbs/0000211__.jpg;
22909;;0,8;кг;262,5597;;;
22910;;2;кг;610,0029;;;
w22915;Ё —ѕ≈–“ Ёмаль по ржав. 3в1 синий RAL 5005;;;;Ё —ѕ≈–“;http://www.dekart.ru/content/images/thumbs/0000211__.jpg;
22915;;0,8;кг;262,5597;;;
22916;;2;кг;610,0029;;;
w22931;Ё —ѕ≈–“ Ёмаль по ржав. 3в1 темно-зеленый RAL 6005;;;;Ё —ѕ≈–“;http://www.dekart.ru/content/images/thumbs/0000211__.jpg;
22931;;0,8;кг;262,5597;;;
22932;;2;кг;610,0029;;;
w22921;Ё —ѕ≈–“ Ёмаль по ржав. 3в1 темно-красный RAL 3003;;;;Ё —ѕ≈–“;http://www.dekart.ru/content/images/thumbs/0000211__.jpg;
22921;;0,8;кг;262,5597;;;
22922;;2;кг;610,0029;;;
w22927;Ё —ѕ≈–“ Ёмаль по ржав. 3в1 темно-синий RAL 5001;;;;Ё —ѕ≈–“;http://www.dekart.ru/content/images/thumbs/0000211__.jpg;
22927;;0,8;кг;262,5597;;;
22928;;2;кг;610,0029;;;
w22913;Ё —ѕ≈–“ Ёмаль по ржав. 3в1 черный RAL 9005;;;;Ё —ѕ≈–“;http://www.dekart.ru/content/images/thumbs/0000211__.jpg;
22913;;0,8;кг;262,5597;;;
22914;;2;кг;610,0029;;;
19837;JOBI BUNTSTEINPUTZ GOLD Ўтукатурка гранитна€ є101 Ѕелое золото 0,4мм;20;кг;11106,5877;JOBI;http://www.dekart.ru/content/images/thumbs/0001423_jobi_buntsteinputz_gold_.jpeg;
20982;JOBI BUNTSTEINPUTZ GOLD Ўтукатурка гранитна€ є101 Ѕелое золото 0,4мм;7;кг;3929,8311;JOBI;http://www.dekart.ru/content/images/thumbs/0001423_jobi_buntsteinputz_gold_.jpeg;
19833;JOBI BUNTSTEINPUTZ GOLD Ўтукатурка гранитна€ є102  варц и серебро 0,4мм;20;кг;38556,063;JOBI;http://www.dekart.ru/content/images/thumbs/0001423_jobi_buntsteinputz_gold_.jpeg;
20985;JOBI BUNTSTEINPUTZ GOLD Ўтукатурка гранитна€ є102  варц и серебро 0,4мм;7;кг;13546,4238;JOBI;http://www.dekart.ru/content/images/thumbs/0001423_jobi_buntsteinputz_gold_.jpeg;
19832;JOBI BUNTSTEINPUTZ GOLD Ўтукатурка гранитна€ є103 —еребро и топаз 0,4мм;20;кг;103325,2974;JOBI;http://www.dekart.ru/content/images/thumbs/0001423_jobi_buntsteinputz_gold_.jpeg;
20986;JOBI BUNTSTEINPUTZ GOLD Ўтукатурка гранитна€ є103 —еребро и топаз 0,4мм;7;кг;36194,5233;JOBI;http://www.dekart.ru/content/images/thumbs/0001423_jobi_buntsteinputz_gold_.jpeg;
19834;JOBI BUNTSTEINPUTZ GOLD Ўтукатурка гранитна€ є104 «олото и топаз 0,4мм;20;кг;18836,8245;JOBI;http://www.dekart.ru/content/images/thumbs/0001423_jobi_buntsteinputz_gold_.jpeg;
20718;JOBI BUNTSTEINPUTZ GOLD Ўтукатурка гранитна€ є104 «олото и топаз 0,4мм;7;кг;6624,7623;JOBI;http://www.dekart.ru/content/images/thumbs/0001423_jobi_buntsteinputz_gold_.jpeg;
19836;JOBI BUNTSTEINPUTZ GOLD Ўтукатурка гранитна€ є105 „ерный бриллиант 0,4мм;20;кг;18702,5553;JOBI;http://www.dekart.ru/content/images/thumbs/0001423_jobi_buntsteinputz_gold_.jpeg;
20987;JOBI BUNTSTEINPUTZ GOLD Ўтукатурка гранитна€ є105 „ерный бриллиант 0,4мм;7;кг;6583,6017;JOBI;http://www.dekart.ru/content/images/thumbs/0001423_jobi_buntsteinputz_gold_.jpeg;
19831;JOBI BUNTSTEINPUTZ GOLD Ўтукатурка гранитна€ є106 Ѕазальт 0,4мм;20;кг;3104,4429;JOBI;http://www.dekart.ru/content/images/thumbs/0001423_jobi_buntsteinputz_gold_.jpeg;
20983;JOBI BUNTSTEINPUTZ GOLD Ўтукатурка гранитна€ є106 Ѕазальт 0,4мм;7;кг;1105,3224;JOBI;http://www.dekart.ru/content/images/thumbs/0001423_jobi_buntsteinputz_gold_.jpeg;
19835;JOBI BUNTSTEINPUTZ GOLD Ўтукатурка гранитна€ є107 „ерный кварц 0,4мм;20;кг;3553,8048;JOBI;http://www.dekart.ru/content/images/thumbs/0001423_jobi_buntsteinputz_gold_.jpeg;
20984;JOBI BUNTSTEINPUTZ GOLD Ўтукатурка гранитна€ є107 „ерный кварц 0,4мм;7;кг;1265,3199;JOBI;http://www.dekart.ru/content/images/thumbs/0001423_jobi_buntsteinputz_gold_.jpeg;
