Головной арт;Код;Наименование;фасовка;Единица измерения;Цена в валюте прайса;Бренд;картинка;Цвет
;w20874;HUSKY INTERIOR&EXTERIOR PRIMER Грунт-краска для интерьеров и фасадов;;;;HUSKY;http://www.dekart.ru/content/images/thumbs/0001551_husky_interior_exterior_primer_100_.jpeg;
w20874;20874;;10;л;1097,7642;;;
;w20755;HUSKY SUPER PAINT CELING Краска потолочная;;;;HUSKY;http://www.dekart.ru/products/1179/idealno-belaya-kraska-dlya-potolkov-husky-haski-super-paint-ceiling-100-akrilovaya-interernaya-kraska;
w20755;20755;;2,5;л;593,8101;;;
w20755;20756;;10;л;2048,6583;;;
;w20757;HUSKY SUPER PAINT EXTERIOR Краска фасадная;;;;HUSKY;http://www.dekart.ru/content/images/thumbs/0001517_husky_super_paint_exterior_100_.jpeg;
w20757;20757;;2,5;л;861,0264;;;
w20757;20758;;10;л;3072,9933;;;
;w18237;HUSKY SUPER PAINT INTERIOR Краска интерьерная;;;;HUSKY;http://www.dekart.ru/content/images/thumbs/0001642_husky_super_paint_interior_100_.jpeg;
w18237;18237;;2,5;л;894,348;;;
w18237;18185;;10;л;2988,1449;;;
;w21663;HUSKY GLOSS ECO ENAMEL Глянцевая эко-эмаль;;;;HUSKY;http://www.dekart.ru/content/images/thumbs/0001766_husky_gloss_eco_enmel_100_.jpeg;
w21663;21663;;0,9;л;643,5585;;;
w21663;21664;;2,5;л;1501,227;;;
;w21718;HUSKY SEMI-MATT ECO ENAMEL полуматовая эко-эмаль;;;;HUSKY;http://www.dekart.ru/content/images/thumbs/0001767_husky_semi_matt_eco_enmel_100_.jpeg;
w21718;21718;;0,9;л;643,5585;;;
w21718;21719;;2,5;л;1501,227;;;
;17795;JOBI Грунтовка аэрозольная белая;400;мл;252,1467;JOBI;http://www.dekart.ru/content/images/thumbs/0000059_jobi_haftgrund_.jpg;
;17796;JOBI Лак аэрозольный бесцветный;400;мл;217,8774;JOBI;http://www.dekart.ru/content/images/thumbs/0000080_jobi_schutzlack_.jpg;
;w15191;JOBI Эмаль аэрозольная глянцевая;;;;JOBI;http://www.dekart.ru/content/images/thumbs/0000049_jobi_aerozollack_.jpg;
w15191;15191;;400;мл;231,9642;;;белая RAL 9010
w15191;15202;;400;мл;231,9642;;http://www.dekart.ru/content/images/thumbs/0000049_jobi_aerozollack_.jpg;вишневая RAL 3005
w15191;15195;;400;мл;231,9642;;http://www.dekart.ru/content/images/thumbs/0000049_jobi_aerozollack_.jpg; голубая RAL 5015
w15191;15199;;400;мл;231,9642;;http://www.dekart.ru/content/images/thumbs/0000049_jobi_aerozollack_.jpg; желтая RAL 1021
w15191;15194;;400;мл;231,9642;;http://www.dekart.ru/content/images/thumbs/0000049_jobi_aerozollack_.jpg;зеленая RAL 6029
w15191;19513;;400;мл;231,9642;;http://www.dekart.ru/content/images/thumbs/0000049_jobi_aerozollack_.jpg;зеленый мох RAL 6005
w15191;15201;;400;мл;231,9642;;http://www.dekart.ru/content/images/thumbs/0000049_jobi_aerozollack_.jpg; коричневая RAL 8011
w15191;15197;;400;мл;231,9642;;http://www.dekart.ru/content/images/thumbs/0000049_jobi_aerozollack_.jpg; красная RAL 3020
w15191;15198;;400;мл;231,9642;;http://www.dekart.ru/content/images/thumbs/0000049_jobi_aerozollack_.jpg;оранжевая RAL 2003
w15191;15193;;400;мл;231,9642;;http://www.dekart.ru/content/images/thumbs/0000049_jobi_aerozollack_.jpg;серая RAL 7001
w15191;15200;;400;мл;231,9642;;http://www.dekart.ru/content/images/thumbs/0000049_jobi_aerozollack_.jpg;серебро RAL 9006
w15191;15196;;400;мл;231,9642;;http://www.dekart.ru/content/images/thumbs/0000049_jobi_aerozollack_.jpg;синяя RAL 5010
w15191;19512;;400;мл;231,9642;;http://www.dekart.ru/content/images/thumbs/0000049_jobi_aerozollack_.jpg;слоновая кость RAL 1015
w15191;16794;;400;мл;231,9642;;http://www.dekart.ru/content/images/thumbs/0000049_jobi_aerozollack_.jpg;т-зеленая RAL 6020
w15191;16793;;400;мл;231,9642;;http://www.dekart.ru/content/images/thumbs/0000049_jobi_aerozollack_.jpg;т-коричневая RAL 8017
w15191;15192;;400;мл;231,9642;;http://www.dekart.ru/content/images/thumbs/0000049_jobi_aerozollack_.jpg;черная RAL 9005
;15212;JOBI Эмаль аэрозольная для радиаторов белая;400;мл;328,9572;;http://www.dekart.ru/content/images/thumbs/0000049_jobi_aerozollack_.jpg;
;W16110;JOBI Эмаль аэрозольная матовая;;;;JOBI;http://www.dekart.ru/content/images/thumbs/0000049_jobi_aerozollack_.jpg;
W16110;16110;;400;мл;231,9642;;;белая RAL 9010
W16110;16111;;400;мл;231,9642;;http://www.dekart.ru/content/images/thumbs/0000049_jobi_aerozollack_.jpg;черная RAL 9005
;15214;JOBI Эмаль аэрозольная с хром-эффектом золото;400;мл;330,4548;JOBI;http://www.dekart.ru/content/images/thumbs/0000049_jobi_aerozollack_.jpg;
;15213;JOBI Эмаль аэрозольная с хром-эффектом хром;400;мл;329,5188;JOBI;http://www.dekart.ru/content/images/thumbs/0000049_jobi_aerozollack_.jpg;
;16956;JOBI Эмаль аэрозольная термостойкая 650С серебро;400;мл;353,6676;JOBI;http://www.dekart.ru/content/images/thumbs/0000049_jobi_aerozollack_.jpg;
;16955;JOBI Эмаль аэрозольная термостойкая 650С черная;400;мл;353,6676;JOBI;http://www.dekart.ru/content/images/thumbs/0000049_jobi_aerozollack_.jpg;
;w16181;JOBI FENSTERAQUALACK Эмаль акрил. для окон и двр. глянцевая белая;;;;JOBI;http://www.dekart.ru/content/images/thumbs/0001770_jobi_fensteraqualack_.jpeg;
w16181;16181;;0,9;л;656,2179;;;
w16181;16182;;2,7;л;1828,7802;;;
;w16170;JOBI HOCHGLANZAQUALACK Эмаль акрил. в/глянц белая;;;;JOBI;http://www.lkmflot.ru/images/big/100994097.jpeg;
w16170;16170;;0,9;л;507,0897;;;
w16170;16171;;2,7;л;1460,3706;;;
;w16134;JOBI PARKETTAQUALACK Лак паркетный глянц.акрило-уретан.;;;;JOBI;http://new.lkmflot.ru/images/big/100994159.jpeg;
w16134;16134;;0,9;л;742,9149;;;
w16134;16135;;2,7;л;2111,7915;;;
;w16136;JOBI PARKETTAQUALACK Лак паркетный п/мат.акрило-уретан.;;;;;http://new.lkmflot.ru/images/big/100994159.jpeg;
w16136;16136;;0,9;л;762,1263;;;
w16136;16137;;2,7;л;2223,1638;;;
;w16130;JOBI SEIDENMATTAQUALACK Эмаль белая шелк. мат.;;;;JOBI;http://new.lkmflot.ru/images/big/100994159.jpeg;
w16130;16130;;0,9;л;509,0085;;;
w16130;16131;;2,7;л;1436,3973;;;
;w16175;JOBI THERMOAQUAEMAIL Эмаль акриловая для радиат. белая;;;;JOBI;http://new.lkmflot.ru/images/big/100994090.jpeg;
w16175;16175;;0,9;л;665,3205;;;
w16175;16176;;2,7;л;1915,6878;;;
;w11883;JOBI ECOFARBE Краска моющаяся;;;;JOBI;http://www.dekart.ru/content/images/thumbs/0001895__jobi_ekofarbe_.jpeg;
w11883;11883;;2,5;л;706,5513;;;
w11883;11893;;5;л;1086,0291;;;
w11883;11894;;10;л;1948,3776;;;
;w15785;JOBI FASSADENFARBE Краска фасадная;;;;JOBI;http://www.lkmflot.ru/images/big/100994132.jpeg;
w15785;15785;;0,9;л;177,3018;;;
w15785;10517;;5;л;927,8685;;;
w15785;10518;;10;л;1713,9798;;;
;w12038;JOBI FASSADPREMIUM Краска фасадная премиум;;;;JOBI;JOBI FASSADPREMIUM Краска фасадная премиум;
w12038;12038;;0,9;л;268,8543;;;
w12038;12044;;5;л;1209,6162;;;
w12038;12045;;10;л;2070,3618;;;
;w11931;JOBI LATEXCOLOR Краска моющаяся латексная;;;;JOBI;http://pintakrasok.ru/image/cache/data/products/kraski/0001500__jobi_mattlatex_-1024x800.jpeg;
w11931;11931;;0,9;л;304,1766;;;
w11931;11831;;2,5;л;785,7018;;;
w11931;11832;;5;л;1351,3149;;;
w11931;11833;;10;л;2507,1813;;;
;w11817;JOBI MATTLATEX Краска влагостойкая;;;;JOBI;http://pintakrasok.ru/image/cache/data/products/kraski/0001500__jobi_mattlatex_-1024x800.jpeg;
w11817;11817;;2,5;л;481,2444;;;
w11817;11819;;5;л;804,9834;;;
w11817;11818;;10;л;1508,4693;;;
;w11821;JOBI PUTZ-EFFEKTFARBE Краска с кварц. част.;;;;JOBI;http://www.lkmflot.ru/images/big/100994082.jpeg;
w11821;11821;;5;л;1153,8306;;;
w11821;11823;;10;л;2202,1155;;;
;17404;JOBI SILOXANFASSAD Краска фасадная силоксановая;10;л;3116,295;JOBI;http://www.dekart.ru/content/images/thumbs/0000083_jobi_siloxanfassad_.jpg;
;w11824;JOBI SUPERWEISS Краска влагостойкая;;;;JOBI;http://kraski-market.ru/upload/iblock/a2e/a2e475f8cbd0bae8a8756791de1a8aca.jpeg;
w11824;11824;;2,5;л;509,6754;;;
w11824;11825;;5;л;870,6321;;;
w11824;11826;;10;л;1619,8065;;;
;w10519;JOBI WANDFARBE Краска дисперсионная;;;;JOBI;http://stroygigant.ru/uploads/goods/25/kraska-dlya-vnutrennih-rabot-jobi-wandfarbe-dispersionnaya-5l.jpg;
w10519;10519;;2,5;л;307,0431;;;
w10519;10520;;5;л;552,6846;;;
w10519;10522;;10;л;995,9625;;;
;w11928;JOBI WASCHFEST Краска для ванных и кухонь;;;;JOBI;http://new.lkmflot.ru/images/big/100994066.jpeg;
w11928;11928;;0,9;л;270,0126;;;
w11928;10523;;2,5;л;698,5953;;;
w11928;10524;;5;л;1158,8499;;;
w11928;10525;;10;л;2129,0256;;;
;w8706;JOBI PUTZGRUND Грунт акрил. Укрепляющий;;;;JOBI;http://avktd.ru/gallery/product/5123_1.jpg;
w8706;8706;;5;л;344,3076;;;
w8706;8707;;10;л;662,3136;;;
;w12220;JOBI STRUKTURQUARZGRUND Грунт для штукатурок;;;;JOBI;http://www.dekart.ru/content/images/thumbs/0000085_jobi_strukturquarzgrund_.jpg;
w12220;12220;;5;л;739,1124;;;
w12220;12219;;10;л;1346,8572;;;
;w8693;JOBI TIEFGRUND Грунт акрил. Проникающий;;;;JOBI;http://www.dekart.ru/content/images/thumbs/0000693__jobi_tiefgrund_.jpeg;
w8693;8693;;5;л;584,9766;;;
w8693;8694;;10;л;1144,1547;;;
w8693;w11235;JOBI Колорант;500;мл;172,5165;JOBI;http://www.dekart.ru/content/images/thumbs/0000092_jobi_vollton_und_abtonfarbe_.jpg;
w8693;11235;;;;;;;№ 901 Охра
w8693;12974;;;;;;;№ 903 оливковый
w8693;11172;;;;;;; № 904 черный
w8693;12895;;;;;;;№ 904 черный
w8693;12897;;;;;;;№ 905 табак
w8693;11593;;;;;;; № 906 Темно-коричневый
w8693;11750;;;;;;;№ 907 Лимонный
w8693;11240;;;;;;;№ 908 оранжевый
w8693;11751;;;;;;;№ 910 синий
w8693;12898;;;;;;;№ 913 зеленый
w8693;12899;;;;;;;№ 915 бордовый
w8693;11244;;;;;;; № 916 фиолетовый
w8693;12916;;;;;;;№ 917 антрацит
w8693;12923;;;;;;;№ 918 васильковый
w8693;12917;;;;;;;№ 921 Малахит
w8693;11163;;;;;;;№ 922 абрикос
w8693;12918;;;;;;;№ 923 терракота
w8693;11236;;;;;;;№ 924 зол. охра
w8693;11261;;;;;;;№ 935 мандарин
w8693;11173;;;;;;;№ 937 Коричневый
w8693;11250;;;;;;;№ 939 папоротник
w8693;12925;;;;;;;№ 940 желтый
w8693;12965;;;;;;;№ 942 лазурный
w8693;12950;;;;;;;№ 944бирюзовый
w8693;11245;;;;;;;№ 946 травяной
;w16364;JOBI FLUSSIG KUNSTSTOFF Краска ж/ плст. ;;;;JOBI;http://stroygigant.ru/uploads/goods/7921/zhidkaya-plastmassa-jobi-flussig-kunststoff-golubaya-0-9l-6sht.jpg;
w16364;16364;;0,9;л;1059,6924;;;Белый
w16364;16365;;2,7;л;3006,1629;;;Белый
w16364;15799;;0,9;л;1059,6924;;; Голубой
w16364;15801;;2,7;л;3006,1629;;; Голубой
w16364;15805;;0,9;л;1059,6924;;;Коричневый
w16364;15806;;2,7;л;3006,1629;;;Коричневый
w16364;15810;;0,9;л;1059,6924;;;св. серый
w16364;15811;;2,7;л;3006,1629;;;св. серый
;w16618;JOBI PARKETTLACK Лак паркет. алкидно-уретановый глянц;;;;JOBI;http://stroygigant.ru/uploads/goods/7921/zhidkaya-plastmassa-jobi-flussig-kunststoff-golubaya-0-9l-6sht.jpg;
w16618;16618;;0,9;л;354,51;;;
w16618;16619;;2,7;л;1006,3053;;;
w16618;16620;;9;л;3088,215;;;
;w16621;JOBI PARKETTLACK Лак паркет. алкидно-уретановый мат.;;;;JOBI;http://stroygigant.ru/uploads/goods/7921/zhidkaya-plastmassa-jobi-flussig-kunststoff-golubaya-0-9l-6sht.jpg;
w16621;16621;;0,9;л;396,7821;;;
w16621;16622;;2,7;л;1152,8478;;;
w16621;16627;;9;л;3294,2169;;;
;w16628;JOBI PARKETTLACK Лак паркет. алкидно-уретановый п/мат.;;;;JOBI;http://new.lkmflot.ru/images/big/100994163.jpeg;
w16628;16628;;0,9;л;396,7821;;;
w16628;16629;;2,7;л;1152,8478;;;
w16628;16630;;9;л;3294,2169;;;
;w16631;JOBI YACHTLACK Лак яхтный алкидно-уретан. глянц.;;;;JOBI;http://www.dekart.ru/content/images/thumbs/0001774_jobi_parkettaqualack_.jpeg;
w16631;16631;;0,9;л;344,3778;;;
w16631;16632;;2,7;л;1014,039;;;
w16631;16633;;9;л;2774,3274;;;
;w16637;JOBI YACHTLACK Лак яхтный алкидно-уретан. мат.;;;;JOBI;http://www.dekart.ru/content/images/thumbs/0001774_jobi_parkettaqualack_.jpeg;
w16637;16637;;0,9;л;409,4298;;;
w16637;16638;;2,7;л;1176,6924;;;
w16637;16640;;9;л;3284,2368;;;
;w16634;JOBI YACHTLACK Лак яхтный алкидно-уретан. п/мат.;;;;JOBI;http://www.dekart.ru/content/images/thumbs/0001774_jobi_parkettaqualack_.jpeg;
w16634;16634;;0,9;л;409,4298;;;
w16634;16635;;2,7;л;1176,6924;;;
w16634;16636;;9;л;3284,2368;;;
;14972;JOBI BUNTSTEINPUTZ Штукатурка мраморная №64  1,2мм;20;кг;3071,4138;;http://www.dekart.ru/content/images/thumbs/0000051_jobi_buntsteinutz_.jpg;
;14973;JOBI BUNTSTEINPUTZ Штукатурка мраморная №65  1,2мм;20;кг;3071,4138;;http://www.dekart.ru/content/images/thumbs/0000051_jobi_buntsteinutz_.jpg;
;14974;JOBI BUNTSTEINPUTZ Штукатурка мраморная №67  1,2мм;20;кг;3071,4138;;http://www.dekart.ru/content/images/thumbs/0000051_jobi_buntsteinutz_.jpg;
;14976;JOBI BUNTSTEINPUTZ Штукатурка мраморная №68  1,2мм;20;кг;3071,4138;;http://www.dekart.ru/content/images/thumbs/0000051_jobi_buntsteinutz_.jpg;
;14977;JOBI BUNTSTEINPUTZ Штукатурка мраморная №69  1,2мм;20;кг;3071,4138;;http://www.dekart.ru/content/images/thumbs/0000051_jobi_buntsteinutz_.jpg;
;14978;JOBI BUNTSTEINPUTZ Штукатурка мраморная №74  2мм;20;кг;3071,4138;;http://www.dekart.ru/content/images/thumbs/0000051_jobi_buntsteinutz_.jpg;
;14979;JOBI BUNTSTEINPUTZ Штукатурка мраморная №75  2мм;20;кг;3071,4138;;http://www.dekart.ru/content/images/thumbs/0000051_jobi_buntsteinutz_.jpg;
;14980;JOBI BUNTSTEINPUTZ Штукатурка мраморная №76  2мм;20;кг;3071,4138;;http://www.dekart.ru/content/images/thumbs/0000051_jobi_buntsteinutz_.jpg;
;14981;JOBI BUNTSTEINPUTZ Штукатурка мраморная №77  2мм;20;кг;3071,4138;;http://www.dekart.ru/content/images/thumbs/0000051_jobi_buntsteinutz_.jpg;
;14982;JOBI BUNTSTEINPUTZ Штукатурка мраморная №78  2мм;20;кг;3409,2747;;http://www.dekart.ru/content/images/thumbs/0000051_jobi_buntsteinutz_.jpg;
;23539;JOBI KRATZPUTZ Штукатурка декоративная 1,5мм;16;кг;1544,4;;http://www.dekart.ru/content/images/thumbs/0002122_jobi_kratzputz_.jpeg;
;20798;JOBI KRATZPUTZ Штукатурка декоративная 1,5мм;20;кг;1935,0981;;http://www.dekart.ru/content/images/thumbs/0002122_jobi_kratzputz_.jpeg;
;23540;JOBI MODELLIERPUTZ Штукатурка декоративная 0,3мм;16;кг;1544,4;;http://www.dekart.ru/content/images/thumbs/0002124_jobi_modellierputz_.jpeg;
;20799;JOBI MODELLIERPUTZ Штукатурка декоративная 0,3мм;20;кг;1935,0981;;http://www.dekart.ru/content/images/thumbs/0002124_jobi_modellierputz_.jpeg;
;20800;JOBI ROLLPUTZ Штукатурка декоративная 0,5-1мм;20;кг;1935,0981;;http://www.dekart.ru/content/images/thumbs/0002123_jobi_rollputz_.jpeg;
;23542;JOBI RUSTIKALPUTZ Штукатурка декоративная 3мм;16;кг;1544,4;;http://www.dekart.ru/content/images/thumbs/0002120_jobi_rustikalputz_.jpeg;
;20801;JOBI RUSTIKALPUTZ Штукатурка декоративная 3мм;20;кг;1935,0981;;http://www.dekart.ru/content/images/thumbs/0002120_jobi_rustikalputz_.jpeg;
;23543;JOBI STRUKTURPUTZ Штукатурка декоративная 2мм;16;кг;1544,4;;http://www.dekart.ru/content/images/thumbs/0002121_jobi_strukturputz_.jpeg;
;20802;JOBI STRUKTURPUTZ Штукатурка декоративная 2мм;20;кг;1935,0981;;http://www.dekart.ru/content/images/thumbs/0002121_jobi_strukturputz_.jpeg;
;12833;JOBI ВОСК для венецианской штукатурки;0,5;кг;1912,3767;;http://www.dekart.ru/content/images/thumbs/0000093_jobi_wachs_fur_venezianishputz_.jpg;
;12720;JOBI КLASSIK VENEZIANISCHPUTZ Венец. штукатурка;7;кг;1605,5325;;http://buildt.ru/published/publicdata/DBDVIGENIE4/attachments/SC/products_pictures/168p_enl.jpg;
;12540;JOBI КLASSIK VENEZIANISCHPUTZ Венец. Штукатурка;20;кг;4357,8639;;http://buildt.ru/published/publicdata/DBDVIGENIE4/attachments/SC/products_pictures/168p_enl.jpg;
;w13701;JOBI FENSTERLACK Эмаль для окон шелк. мат.;;;;JOBI;http://www.dekart.ru/content/images/thumbs/0000056_jobi_fensterlack_.jpg;
w13701;13701;;0,9;л;438,282;;;
w13701;13702;;2,7;л;1126,6164;;;
;w13698;JOBI HOCHGLANZLACK Эмаль в/глянц белая;;;;JOBI;http://strmir.ru/d/514218/d/%D1%81%D0%BA%D1%80%D0%B8%D0%BD2.png;
w13698;13698;;0,9;л;389,9844;;;
w13698;13699;;2,7;л;1138,9599;;;
;w13765;JOBI SEIDENMATTLACK Эмаль шелк. мат. Белая;;;;JOBI;http://biztorg.net/images/general/2015/09/08/20150908064648-1856.jpg;
w13765;13765;;0,9;л;376,9506;;;
w13765;13766;;2,7;л;1070,0469;;;
;w13727;JOBI THERMOEMAIL Эмаль для отопит приб п/м;;;;JOBI;http://www.vit42.ru/upload/items/big/5838/16409.jpg;
w13727;13727;;0,9;л;514,0629;;;
w13727;13728;;2,7;л;1494,2538;;;
;w17013;OLIMP Отбеливатель для древесины;;;;OLIMP;http://www.dekart.ru/content/images/thumbs/0000132__.jpg;
w17013;17013;;1;л;58,7223;;;
w17013;15796;;10;л;520,6851;;;
;w17822;OLIMP Эмаль аэрозольная;520;мл;134,8191;OLIMP;http://stroygigant.ru/uploads/goods/5966/emal-aerozolnaya-olimp-belaya-glyancevaya-matovaya-520ml.jpg;
w17822;17822;;520;мл;134,8191;;;вишневая
w17822;17821;;520;мл;136,3869;;; глянцевая белая
w17822;17824;;520;мл;135,1467;;;глянцевая черная
w17822;17823;;520;мл;134,9595;;;желтая
w17822;17828;;520;мл;134,9595;;;зеленая
w17822;17832;;520;мл;167,0877;;;золото
w17822;17827;;520;мл;135,1467;;;коричневая
w17822;17825;;520;мл;134,8191;;;красная
w17822;17826;;520;мл;136,7847;;;матовая белая
w17822;17834;;520;мл;135,3339;;;оранжевая
w17822;17829;;520;мл;135,1116;;;серая
w17822;17830;;520;мл;134,9244;;;синяя
w17822;17831;;520;мл;167,0877;;;хром
;w20336;OLIMP ОМИКРОН Грунт;;;;OLIMP;http://www.dekart.ru/content/images/thumbs/0001492__.jpeg;
w20336;20336;;0,9;л;314,4141;;;
w20336;19626;;2,7;л;736,7958;;;
w20336;19627;;9;л;1719,2565;;;
;w20337;OLIMP ОМИКРОН-ГЕЛЬ Гель декор. защит. ;;;;OLIMP;http://www.dekart.ru/content/images/thumbs/0001781__.jpeg;
w20337;20337;;0,9;л;353,0358;;; белый
w20337;19313;;2,7;л;1014,5421;;; белый
w20337;19314;;9;л;2991,9825;;; белый
w20337;20338;;0,9;л;353,0358;;;бесцветный
w20337;19316;;2,7;л;1014,5421;;;бесцветный
w20337;19317;;9;л;2991,9825;;;бесцветный
w20337;20339;;0,9;л;353,0358;;;Дуб
w20337;19319;;2,7;л;1014,5421;;;Дуб
w20337;19320;;9;л;2991,9825;;;Дуб
w20337;20340;;0,9;л;353,0358;;;Каштан
w20337;19322;;2,7;л;1014,5421;;;Каштан
w20337;19323;;9;л;2991,9825;;;Каштан
w20337;20341;;0,9;л;353,0358;;;махагон
w20337;19326;;2,7;л;1014,5421;;;махагон
w20337;19327;;9;л;2991,9825;;;махагон
w20337;20342;;0,9;л;353,0358;;;Орегон
w20337;19329;;2,7;л;1014,5421;;;Орегон
w20337;19330;;9;л;2991,9825;;;Орегон
w20337;20343;;0,9;л;353,0358;;;орех
w20337;19332;;2,7;л;1014,5421;;;орех
w20337;19333;;9;л;2991,9825;;;орех
w20337;20344;;0,9;л;353,0358;;; осенний клен
w20337;19335;;2,7;л;1014,5421;;; осенний клен
w20337;19336;;9;л;2991,9825;;; осенний клен
w20337;20345;;0,9;л;353,0358;;;палисандр
w20337;19338;;2,7;л;1014,5421;;;палисандр
w20337;19339;;9;л;2991,9825;;;палисандр
w20337;20346;;0,9;л;353,0358;;;сосна
w20337;19341;;2,7;л;1014,5421;;;сосна
w20337;19342;;9;л;2991,9825;;;сосна
w20337;20348;;0,9;л;353,0358;;;Тик
w20337;19344;;2,7;л;1014,5421;;;Тик
w20337;19345;;9;л;2991,9825;;;Тик
;w20350;OLIMP ОМИКРОН МАКСИМУМ Антисептик ;;;;OLIMP;http://images.obi.ru/fsicache/obi?type=image&source=ObiWebShop%2FPROD%2FRU%2Fproduct%2F219%2F219458_picture_1.jpg&width=565&height=565&quality=85&effects=pad%28CC,ffff%29;
w20350;20350;;0,9;л;289,1889;;; бесцветный
w20350;13569;;2,7;л;803,9538;;; бесцветный
w20350;13570;;9;л;2288,4381;;; бесцветный
w20350;20351;;0,9;л;289,1889;;;дуб
w20350;13572;;2,7;л;803,9538;;;дуб
w20350;13573;;9;л;2288,4381;;;дуб
w20350;20352;;0,9;л;289,1889;;;калужница
w20350;13575;;2,7;л;803,9538;;;калужница
w20350;13576;;9;л;2288,4381;;;калужница
w20350;20353;;0,9;л;289,1889;;;кр. дерево
w20350;13578;;2,7;л;803,9538;;;кр. дерево
w20350;13579;;9;л;2288,4381;;;кр. дерево
w20350;20354;;0,9;л;289,1889;;;орегон
w20350;13581;;2,7;л;803,9538;;;орегон
w20350;13582;;9;л;2288,4381;;;орегон
w20350;20355;;0,9;л;289,1889;;;орех. дер.
w20350;13584;;2,7;л;803,9538;;;орех. дер.
w20350;13585;;9;л;2288,4381;;;орех. дер.
w20350;20356;;0,9;л;289,1889;;;осен. клен
w20350;13587;;2,7;л;803,9538;;;осен. клен
w20350;13588;;9;л;2288,4381;;;осен. клен
w20350;20357;;0,9;л;289,1889;;;палисандр
w20350;13590;;2,7;л;803,9538;;;палисандр
w20350;13591;;9;л;2288,4381;;;палисандр
w20350;20358;;0,9;л;289,1889;;;рябина
w20350;13593;;2,7;л;803,9538;;;рябина
w20350;13594;;9;л;2288,4381;;;рябина
w20350;20359;;0,9;л;289,1889;;;тик. дер.
w20350;13596;;2,7;л;803,9538;;;тик. дер.
w20350;13597;;9;л;2288,4381;;;тик. дер.
;w20361;OLIMP ОМИКРОН СТАНДАРТ Антисептик ;;;;OLIMP;http://www.dekart.ru/content/images/thumbs/0001490__.jpeg;
w20361;20361;;0,9;л;208,7163;;; бесцветный
w20361;13409;;2,7;л;601,5204;;; бесцветный
w20361;13410;;9;л;1684,7766;;; бесцветный
w20361;20362;;0,9;л;208,7163;;;Антисептик дуб
w20361;13412;;2,7;л;601,5204;;;Антисептик дуб
w20361;13413;;9;л;1684,7766;;;Антисептик дуб
w20361;20364;;0,9;л;208,7163;;;калужница
w20361;13415;;2,7;л;601,5204;;;калужница
w20361;13416;;9;л;1684,7766;;;калужница
w20361;20365;;0,9;л;208,7163;;;кр. дерево
w20361;13418;;2,7;л;601,5204;;;кр. дерево
w20361;13419;;9;л;1684,7766;;;кр. дерево
w20361;20366;;0,9;л;208,7163;;;орегон
w20361;13421;;2,7;л;601,5204;;;орегон
w20361;13423;;9;л;1684,7766;;;орегон
w20361;20367;;0,9;л;208,7163;;;орех. дер
w20361;13424;;2,7;л;601,5204;;;орех. дер
w20361;13425;;9;л;1684,7766;;;орех. дер
w20361;20368;;0,9;л;208,7163;;;осен. клен
w20361;13427;;2,7;л;601,5204;;;осен. клен
w20361;13428;;9;л;1684,7766;;;осен. клен
w20361;20369;;0,9;л;208,7163;;;палисандр
w20361;13430;;2,7;л;601,5204;;;палисандр
w20361;13431;;9;л;1684,7766;;;палисандр
w20361;20370;;0,9;л;208,7163;;;рябина
w20361;13434;;2,7;л;601,5204;;;рябина
w20361;13435;;9;л;1684,7766;;;рябина
w20361;20372;;0,9;л;208,7163;;;тик. дер
w20361;13436;;2,7;л;601,5204;;;тик. дер
w20361;13437;;9;л;1684,7766;;;тик. дер
;w10124;OLIMP АЛЬФА Краска латексная для потолков;;;;OLIMP;http://www.dekart.ru/content/images/thumbs/0000104__.jpg;
w10124;10124;;2,5;л;246,9753;;;
w10124;10127;;5;л;436,0473;;;
w10124;8337;;10;л;814,1679;;;
w10124;11816;;20;л;1545,0318;;;
;w15787;OLIMP БЕТА Краска латексная для стен и потолков;;;;OLIMP;http://www.dekart.ru/content/images/thumbs/0001466__.jpeg;
w15787;15787;;0,9;л;98,5023;;;
w15787;10125;;2,5;л;304,1649;;;
w15787;10128;;5;л;539,2062;;;
w15787;9957;;10;л;1018,3797;;;
w15787;11859;;20;л;1934,8407;;;
;w12398;OLIMP ГАММА Краска акрил. моющ. мат.;;;;OLIMP;http://www.dekart.ru/content/images/thumbs/0000109__.jpg;
w12398;12398;;0,9;л;236,6091;;;
w12398;10114;;2,5;л;597,1563;;;
w12398;10129;;5;л;1116,3438;;;
w12398;9965;;10;л;2142,5742;;;
w12398;11860;;20;л;4070,6757;;;
;w10126;OLIMP СИГМА Краска акриловая фасадная;;;;OLIMP;http://www.dekart.ru/content/images/thumbs/0000137__.jpg;
w10126;10126;;2,5;л;509,6403;;;
w10126;10131;;5;л;901,3914;;;
w10126;9961;;10;л;1729,1664;;;
w10126;11861;;20;л;3275,3097;;;
;w16572;OLIMP ЭЛАСТИЧНАЯ Краска латексная моющ. мат.;;;;OLIMP;http://www.dekart.ru/content/images/thumbs/0000156__.jpg;
w16572;16572;;0,9;л;331,3557;;;
w16572;16573;;2,5;л;893,763;;;
w16572;16574;;5;л;1703,1456;;;
w16572;16575;;10;л;3269,8107;;;
;w12066;OLIMP ЭПСИЛОН Краска акрил. структур. фасадная;;;;OLIMP;http://www.dekart.ru/content/images/thumbs/0000153__.jpg;
w12066;12066;;5;л;695,8458;;;
w12066;12067;;10;л;1324,4166;;;
;w8342;OLIMP    ОМЕГА Грунтовка глубокого проникновени;;;;OLIMP;http://www.dekart.ru/content/images/thumbs/0000112__.jpg;
w8342;8342;;3;л;185,8077;;;
w8342;9003;;5;л;289,9611;;;
;8343;;10;л;543,7458;;;
;w8344;OLIMP   ТАУ Грунтовка упрочняющая, пленкообр.;;;;OLIMP;http://www.dekart.ru/content/images/thumbs/0000142__.jpg;
w8344;8344;;3;л;200,9007;;;
w8344;8958;;5;л;328,7232;;;
w8344;8345;;10;л;651,1167;;;
;w11327;OLIMP  КОНТАКТ-ГРУНТ   2,5л;;;;OLIMP;http://www.dekart.ru/content/images/thumbs/0001608__.jpeg;
w11327;11327;;3,5;кг;342,5058;;;
w11327;11328;;14;кг;1222,767;;;
;w20999;OLIMP  СТОП-ПЛЕСЕНЬ Состав для уничтожения плесени;;;;OLIMP;http://www.dekart.ru/content/images/thumbs/0000102__c_.jpg;
w20999;20999;;0,5;л;84,1698;;;
w20999;17678;;1;л;82,0404;;;
w20999;17679;;5;л;376,5294;;;
;w17676;OLIMP  УЛЬТРАСЕПТ Трудновымываемый антисептик для древесины;;;;OLIMP;http://www.dekart.ru/content/images/thumbs/0000037__.jpg;
w17676;17676;;5;л;252,2988;;;
w17676;17677;;10;л;474,2361;;;
;19499;OLIMP Грунтовка изолирующая;1;л;194,2668;;http://www.dekart.ru/content/images/thumbs/0000853__.jpeg;
;19770;OLIMP ЖИДКАЯ ГИДРОИЗОЛЯЦИЯ;2,5;л;802,035;;http://www.dekart.ru/content/images/thumbs/0001346__.jpeg;
;w21289;OLIMP Уничтожитель вредителей древесины;;;;OLIMP;http://www.dekart.ru/content/images/thumbs/0001614__.jpeg;
w21289;21289;;5;л;296,7822;;;
w21289;21290;;10;л;531,0747;;;
w21289;18990;OLIMP Клей для стеклообоев;10;л;704,7261;OLIMP;http://www.dekart.ru/content/images/thumbs/0001546__.jpeg;
w21289;12994;OLIMP Клей стиропоровый;1;л;112,8582;OLIMP;http://www.dekart.ru/content/images/thumbs/0000114__.jpg;
w21289;12993;OLIMP Клей стиропоровый;2,5;л;272,6451;OLIMP;http://www.dekart.ru/content/images/thumbs/0000114__.jpg;
;w10822;OLIMP Колорант ;;;;OLIMP;http://www.dekart.ru/content/images/thumbs/0000115__.jpg;
w10822;10822;;500;мл;127,7757;;;№101 Охра
w10822;23376;;500;мл;127,7757;;;№103 Оливковый
w10822;10823;;500;мл;127,7757;;;№104 Черный
w10822;23378;;500;мл;127,7757;;; №105 Табак
w10822;10824;;500;мл;127,7757;;;№106 Темно-коричневый
w10822;23367;;500;мл;127,7757;;;№107 Лимонный
w10822;10826;;500;мл;127,7757;;; №108 Оранжевый
w10822;10827;;500;мл;127,7757;;;№109 Красный
w10822;10828;;500;мл;127,7757;;;№110 Синий
w10822;23375;;500;мл;127,7757;;; №113 Зеленый
w10822;23370;;500;мл;127,7757;;;№115 Бордовый
w10822;10829;;500;мл;127,7757;;;№116 фиолетовый
w10822;23377;;500;мл;127,7757;;; №117 Антрацит
w10822;23371;;500;мл;127,7757;;; №118 Васильковый
w10822;23373;;500;мл;127,7757;;;№121 Малахит
w10822;23369;;500;мл;127,7757;;; №122 Абрикос
w10822;23379;;500;мл;127,7757;;; №123 Терракота
w10822;10830;;500;мл;127,7757;;; №124 золотая охра
w10822;23368;;500;мл;127,7757;;; №135 Мандарин
w10822;10831;;500;мл;127,7757;;;№137 коричневый
w10822;10832;;500;мл;127,7757;;; №139 папоротник
w10822;10825;;500;мл;127,7757;;; №140 Желтый
w10822;23372;;500;мл;127,7757;;;№142 Лазурный
w10822;23374;;500;мл;127,7757;;; №144 Бирюзовый
w10822;10833;;500;мл;127,7757;;;№146 Травяной
;w17532;OLIMP Краска с молотковым эффектом;;;;OLIMP;http://www.dekart.ru/content/images/thumbs/0000117__.jpg;
w17532;17532;;0,75;л;628,4304;;;алюминий
w17532;17533;;2,5;л;1878,5637;;;алюминий
w17532;17534;;0,75;л;628,4304;;; бронза
w17532;17535;;2,5;л;1878,5637;;; бронза
w17532;17536;;0,75;л;628,4304;;;золото
w17532;17537;;2,5;л;1878,5637;;;золото
w17532;17538;;0,75;л;628,4304;;;коричневый
w17532;17539;;2,5;л;1878,5637;;;коричневый
w17532;17540;;0,75;л;628,4304;;;медь
w17532;17541;;2,5;л;1878,5637;;;медь
w17532;17542;;0,75;л;628,4304;;;серебро
w17532;17543;;2,5;л;1878,5637;;;серебро
w17532;17544;;0,75;л;628,4304;;;черный
w17532;17545;;2,5;л;1878,5637;;;черный
;w20420;OLIMP Лак паркетный глянцевый;;;;OLIMP;http://www.dekart.ru/content/images/thumbs/0000134__.jpg;
w20420;20420;;0,9;л;289,5165;;;
w20420;14936;;2,7;л;822,6855;;;
w20420;15062;;9;л;2557,971;;;
;w20421;OLIMP Лак паркетный матовый;;;;OLIMP;http://www.dekart.ru/content/images/thumbs/0000134__.jpg;
w20421;20421;;0,9;л;352,9422;;;
w20421;14938;;2,7;л;1003,392;;;
w20421;15063;;9;л;2660,6853;;;
;w20422;OLIMP Лак паркетный п/матовый;;;;OLIMP;http://www.dekart.ru/content/images/thumbs/0000134__.jpg;
w20422;20422;;0,9;л;352,9422;;;
w20422;16000;;2,7;л;1003,392;;;
w20422;16001;;9;л;2660,6853;;;
;w20423;OLIMP Лак яхтный глянцевый;;;;OLIMP;http://www.dekart.ru/content/images/thumbs/0000154__.jpg;
w20423;20423;;0,9;л;329,6241;;;
w20423;15010;;2,7;л;938,4219;;;
w20423;15064;;9;л;2811,4983;;;
;w20424;OLIMP Лак яхтный матовый;;;;OLIMP;http://www.dekart.ru/content/images/thumbs/0000154__.jpg;
w20424;20424;;0,9;л;362,1501;;;
w20424;15014;;2,7;л;1028,8512;;;
w20424;15065;;9;л;3083,3244;;;
;w20425;OLIMP Лак яхтный п/матовый;;;;OLIMP;http://www.dekart.ru/content/images/thumbs/0000154__.jpg;
w20425;20425;;0,9;л;362,817;;;
w20425;16480;;2,7;л;1028,8512;;;
w20425;16481;;9;л;3083,3244;;;
;w12444;OLIMP Лак для саун;;;;OLIMP;http://www.dekart.ru/content/images/thumbs/0000535__.png;
w12444;12444;;1;л;187,6446;;;
w12444;12445;;2,5;л;445,6413;;;
;w10260;OLIMP ОРИОН Лак водный бесцветный;;;;OLIMP;http://www.dekart.ru/content/images/thumbs/0000120__.jpg;
w10260;10260;;1;л;179,9928;;;
w10260;10261;;2,5;л;427,1436;;;
w10260;10262;;10;л;1633,6125;;;
;w12570;OLIMP Пропитка огнебиозащитная I кат. красная;;;;OLIMP;http://www.dekart.ru/content/images/thumbs/0000127__1_.jpg;
w12570;12570;;10;л;691,8444;;;
w12570;12569;;20;л;1370,9358;;;
;w12518;OLIMP Пропитка огнебиозащитная II кат. бесцветная;;;;OLIMP;http://www.dekart.ru/content/images/thumbs/0000128__2_.jpg;
w12518;12518;;5;л;171,2412;;;
w12518;12520;;10;л;315,7245;;;
;w12682;OLIMP Пропитка огнебиозащитная II кат. красна;;;;OLIMP;http://www.dekart.ru/content/images/thumbs/0000128__2_.jpg;
w12682;12682;;5;л;171,2412;;;
w12682;12681;;10;л;315,7245;;;
;w23226;OLIMP Лак для камня и штукатурки;;;;OLIMP;http://www.dekart.ru/content/images/thumbs/0001985__.jpeg;
w23226;23226;;2,5;л;535,86;;;
w23226;23227;;10;л;2000,0682;;;
;w9901;OLIMP Пропитка для камня;;;;OLIMP;http://www.dekart.ru/content/images/thumbs/0000135__.jpg;
w9901;9901;;5;л;274,3299;;;
w9901;9902;;10;л;521,2116;;;
;w12163;OLIMP Смывка высолов всесезонная;;;;OLIMP;http://www.dekart.ru/content/images/thumbs/0000138__.jpg;
w12163;12163;;5;л;366,9003;;;
w12163;12164;;10;л;697,2966;;;
;w12182;OLIMP Смывка цемента всесезонная;;;;OLIMP;http://www.dekart.ru/content/images/thumbs/0000139__.jpg;
w12182;12182;;5;л;826,2657;;;
w12182;12183;;10;л;1616,004;;;
;w23930;OLIMP Шпатлевка по дереву белая;;;;;;
w23930;23930;;0,4;кг;51,2694;;;белая
w23930;23267;;0,8;кг;75,1725;;;белая
w23930;23931;;0,4;кг;51,2694;;;береза
w23930;23268;;0,8;кг;75,1725;;;береза
w23930;23933;;0,4;кг;51,2694;;;бук
w23930;23269;;0,8;кг;75,1725;;;бук
w23930;23934;;0,4;кг;51,2694;;;дуб
w23930;23270;;0,8;кг;75,1725;;;дуб
w23930;23935;;0,4;кг;51,2694;;;махагон
w23930;23271;;0,8;кг;75,1725;;;махагон
w23930;23901;;0,4;кг;51,2694;;; сосна
w23930;23272;;0,8;кг;75,1725;;; сосна
;w10813;OLIMP Шпатлевка универсальная;;;;OLIMP;http://www.dekart.ru/content/images/thumbs/0000143__.jpg;
w10813;10813;;1,6;кг;103,8375;;;
w10813;10814;;5;кг;267,4503;;;
w10813;10815;;16;кг;769,5324;;;
w10813;15126;;28;кг;1356,9309;;;
;w10817;OLIMP Шпатлевка фасадная;;;;OLIMP;http://www.dekart.ru/content/images/thumbs/0000147__.jpg;
w10817;10817;;5;кг;419,9013;;;
w10817;10819;;16;кг;1249,5834;;;
w10817;12910;;28;кг;2057,7375;;;
;w20413;OLIMP ЭКО-ЛАЗУРЬ бесцветное Покрытие защит. декор. с УФ-фильтром;;;;OLIMP;http://www.dekart.ru/content/images/thumbs/0001779__.jpeg;
w20413;20413;;1;л;218,8017;;;
w20413;17227;;2,5;л;519,6906;;;
w20413;17228;;10;л;1923,9246;;;
;w20414;OLIMP ЭКО-ЛАЗУРЬ кедр Покрытие защит. декор. с УФ-фильтром;;;;OLIMP;http://www.dekart.ru/content/images/thumbs/0001779__.jpeg;
w20414;20414;;1;л;218,8017;;;
w20414;17230;;2,5;л;519,6906;;;
w20414;17231;;10;л;1923,9246;;;
;w20415;OLIMP ЭКО-ЛАЗУРЬ клен Покрытие защит. декор. с УФ-фильтром;;;;OLIMP;http://www.dekart.ru/content/images/thumbs/0001779__.jpeg;
w20415;20415;;1;л;218,8017;;;
w20415;17238;;2,5;л;519,6906;;;
w20415;17244;;10;л;1923,9246;;;
;w20416;OLIMP ЭКО-ЛАЗУРЬ кофейное дерево Покрытие защит. декор. с УФ-фильтром;;;;OLIMP;http://www.dekart.ru/content/images/thumbs/0001779__.jpeg;
w20416;20416;;1;л;218,8017;;;
w20416;17240;;2,5;л;519,6906;;;
w20416;17245;;10;л;1923,9246;;;
;w20417;OLIMP ЭКО-ЛАЗУРЬ махагон Покрытие защит. декор. с УФ-фильтром;;;;OLIMP;http://www.dekart.ru/content/images/thumbs/0001779__.jpeg;
w20417;20417;;1;л;218,8017;;;
w20417;17239;;2,5;л;519,6906;;;
;w17247;OLIMP ЭКО-ЛАЗУРЬ светлый дуб Покрытие защит. декор. с УФ-фильтром;;;;;;
w17247;17247;;10;л;1923,9246;OLIMP;;
w17247;20418;;1;л;218,8017;;;
w17247;17243;;2,5;л;519,6906;;;
w17247;17248;;10;л;1923,9246;;;
;w20419;OLIMP ЭКО-ЛАЗУРЬ черное дерево Покрытие защит. декор. с УФ-фильтром;;;;OLIMP;http://www.dekart.ru/content/images/thumbs/0001779__.jpeg;
w20419;20419;;1;л;218,8017;;;
w20419;17241;;2,5;л;519,6906;;;
w20419;17249;;10;л;1923,9246;;;
;w20605;OLIMP Эмаль алкидная глянц. Голубая;;;;OLIMP;http://www.dekart.ru/content/images/thumbs/0000111__.jpg;
w20605;20605;;0,9;л;215,5725;;; Голубая
w20605;13295;;2,7;л;565,2738;;; Голубая
w20605;20604;;0,9;л;215,3502;;; зеленая
w20605;13298;;2,7;л;653,1408;;; зеленая
w20605;20600;;0,9;л;196,6185;OLIMP;http://www.dekart.ru/content/images/thumbs/0000111__.jpg;св.-зеленая
w20605;20597;;0,9;л;254,0187;OLIMP;http://www.dekart.ru/content/images/thumbs/0000111__.jpg;синяя
;w13810;OLIMP Эмаль алкидная п/матовая ;;;;OLIMP;http://www.dekart.ru/content/images/thumbs/0000155__.jpg;
w13810;13810;;2,7;л;652,8483;;;бежевая
w13810;20593;;0,9;л;237,1473;;;голубая
w13810;13812;;2,7;л;621,7848;;;голубая
w13810;20592;;0,9;л;236,9484;;;зеленая
w13810;13814;;2,7;л;645,8517;;;зеленая
w13810;13819;;2,7;л;762,2199;;;красная
w13810;20589;;0,9;л;226,6407;;; св.-зеленая
w13810;13831;;2,7;л;601,8948;;;черная
;w22797;OLIMP Эмаль алкидная глянц.;;;;OLIMP;http://www.dekart.ru/content/images/thumbs/0000111__.jpg;
w22797;22797;;0,9;л;226,3248;;;бежевая RAL 1014
w22797;22798;;2,7;л;593,4825;;;бежевая RAL 1014
w22797;22681;;0,9;л;235,3689;;;белая RAL 9003 
w22797;22682;;2,7;л;638,8434;;;белая RAL 9003 
w22797;22791;;0,9;л;215,5725;;;голубая RAL 5024
w22797;22792;;2,7;л;565,2738;;;голубая RAL 5024
w22797;22689;;0,9;л;215,3502;;;зеленая RAL 6002
w22797;22690;;2,7;л;587,1645;;;зеленая RAL 6002
w22797;22693;;0,9;л;199,0287;;;коричневая RAL 8017
w22797;22694;;2,7;л;542,6226;;;коричневая RAL 8017
w22797;22695;;0,9;л;196,6185;;;красно-коричневая RAL 3009
w22797;22793;;0,9;л;239,1246;;;светло-желтая RAL 1018
w22797;22794;;2,7;л;653,1408;;;светло-желтая RAL 1018
w22797;22683;;0,9;л;222,1479;;;светло-серая RAL 7004
w22797;22684;;2,7;л;599,5782;;;светло-серая RAL 7004
w22797;22685;;0,9;л;196,7121;;; серая RAL 7005
w22797;22686;;2,7;л;536,2695;;; серая RAL 7005
w22797;22789;;0,9;л;254,0187;;;синяя RAL 5005
w22797;22790;;2,7;л;682,578;;;синяя RAL 5005
w22797;22687;;0,9;л;205,9902;;;темно-зеленая RAL 6005
w22797;22688;;2,7;л;555,1416;;;темно-зеленая RAL 6005
w22797;22795;;0,9;л;259,6698;;;темно-красная RAL 3003
w22797;22796;;2,7;л;696,267;;;темно-красная RAL 3003
w22797;22697;;0,9;л;226,8045;;; темно-синяя RAL 5001
w22797;22698;;2,7;л;610,1784;;; темно-синяя RAL 5001
w22797;22691;;0,9;л;203,8725;;;черная RAL 9005
w22797;22692;;2,7;л;547,1622;;;черная RAL 9005
;w22964;OLIMP Эмаль алкидная п/матовая ;0,9;л;248,9877;;http://www.dekart.ru/content/images/thumbs/0000155__.jpg;
w22964;22964;;0,9;л;248,9877;;; бежевый RAL 1014
w22964;22965;;2,7;л;652,8483;;; бежевый RAL 1014
w22964;22950;;0,9;л;259,5879;;;белый RAL 9003
w22964;22951;;2,7;л;699,777;;;белый RAL 9003
w22964;22972;;0,9;л;237,1473;;;голубой RAL 5024
w22964;22973;;2,7;л;621,7848;;;голубой RAL 5024
w22964;22968;;0,9;л;236,9484;;;зеленый RAL 6002
w22964;22969;;2,7;л;645,8517;;;зеленый RAL 6002
w22964;22962;;0,9;л;218,9421;;; коричневый RAL 8017
w22964;22963;;2,7;л;596,8872;;; коричневый RAL 8017
w22964;22960;;0,9;л;216,3447;;; красно-коричневый RAL 3009
w22964;22961;;2,7;л;616,4964;;; красно-коричневый RAL 3009
w22964;22966;;0,9;л;262,9341;;;светло-желтый RAL 1018
w22964;22967;;2,7;л;720,9774;;;светло-желтый RAL 1018
w22964;22952;;0,9;л;242,8335;;; светло-серый RAL 7004
w22964;22953;;2,7;л;659,6343;;; светло-серый RAL 7004
w22964;22954;;0,9;л;218,1699;;;серый RAL 7005
w22964;22955;;2,7;л;594,7461;;;серый RAL 7005
w22964;22974;;0,9;л;278,8695;;; синий RAL 5005
w22964;22975;;2,7;л;749,3616;;; синий RAL 5005
w22964;22970;;0,9;л;226,6407;;; темно-зеленый RAL 6005
w22964;22971;;2,7;л;610,623;;; темно-зеленый RAL 6005
w22964;22958;;0,9;л;285,4098;;;темно-красный RAL 3003
w22964;22959;;2,7;л;762,2199;;;темно-красный RAL 3003
w22964;22976;;0,9;л;248,9877;;;темно-синий RAL 5001
w22964;22977;;2,7;л;669,8835;;;темно-синий RAL 5001
w22964;22956;;0,9;л;224,2422;;;черный RAL 9005
w22964;22957;;2,7;л;601,8948;;;черный RAL 9005
;w14848;OLIMP Краска для деревянных фасадов белая;;;;OLIMP;http://www.dekart.ru/content/images/thumbs/0000118__.jpg;
w14848;14848;;0,9;л;365,0166;;;
w14848;14849;;2,7;л;1039,9545;;;
w14848;14850;;9;л;2965,0959;;;
;15265;OLIMP Краска фасад. всесезон. бел. мат. (-20 +35);9;л;2608,047;OLIMP;http://www.dekart.ru/content/images/thumbs/0000107__20_35.jpg;
;w13833;OLIMP Эмаль  для окон и дверей п/м база;;;;OLIMP;http://www.dekart.ru/content/images/thumbs/0000151__.jpg;
w13833;13833;;0,9;л;410,2839;;;
w13833;13834;;2,7;л;1169,4501;;;
;w14757;OLIMP Эмаль  для отопит. приборов;;;;OLIMP;http://www.dekart.ru/content/images/thumbs/0000152__150.jpg;
w14757;14757;;0,9;л;421,4691;;;
w14757;14758;;2,7;л;1239,4863;;;
;w15979;OLIMP Эмаль д/бетонных полов белая База;;;;OLIMP;http://www.dekart.ru/content/images/thumbs/0000150__.jpg;
w15979;15979;;0,9;л;370,6326;;;белая
w15979;15981;;2,7;л;999,4842;;;белая
w15979;15982;;9;л;2969,1324;;;белая
w15979;15991;;2,7;л;999,4842;;;св.сера
w15979;15992;;9;л;2969,1324;;;св.сера
w15979;15988;;2,7;л;999,4842;;; серая
w15979;15989;;9;л;2969,1324;;; серая
;9833;JOBI Герметик акриловый белый;290;мл;87,07985;JOBI;http://www.dekart.ru/content/images/thumbs/0000048_jobi_acryl_dichtmasse_.jpg;
;9834;JOBI Герметик силиконовый белый;290;мл;148,9657;JOBI;http://www.dekart.ru/content/images/thumbs/0000091_jobi_universal_silicon_.jpg;
;9835;JOBI Герметик силиконовый бесцветный;290;мл;148,447;JOBI;http://www.dekart.ru/content/images/thumbs/0000091_jobi_universal_silicon_.jpg;
;9838;JOBI Герметик силиконовый коричневый;290;мл;149,62025;JOBI;http://www.dekart.ru/content/images/thumbs/0000091_jobi_universal_silicon_.jpg;
;9837;JOBI Герметик силиконовый серый;290;мл;149,62025;JOBI;http://www.dekart.ru/content/images/thumbs/0000091_jobi_universal_silicon_.jpg;
;9836;JOBI Герметик силиконовый черный;290;мл;147,61955;JOBI;http://www.dekart.ru/content/images/thumbs/0000091_jobi_universal_silicon_.jpg;
;16986;JOBI Очиститель монтажных  пистолетов;650;мл;122,0427;JOBI;http://www.dekart.ru/content/images/thumbs/0000073_jobi_pistolenshaum_reiniger_.jpg;
;8460;JOBI Пена монтажная;650;мл;201,24325;JOBI;;
;8461;JOBI Пена монтажная;675;мл;278,5172;JOBI;;
;16954;JOBI Пена монтажная всесезон.;670;мл;277,875;JOBI;;
;8462;JOBI Пена монтажная проф.;700;мл;312,1092;JOBI;;
;15792;JOBI Пена монтажная проф. 65 всесезон.-18С;1000;мл;373,9827;JOBI;http://www.dekart.ru/content/images/thumbs/0000329_jobi_montageshaum_18_.jpeg;
;18032;JOBI Пена монтажная проф. всесезон.;750;мл;319,45745;JOBI;;
;15791;JOBI Пена монтажная проф. всесезон. -18С;750;мл;348,2947;JOBI;http://www.dekart.ru/content/images/thumbs/0000329_jobi_montageshaum_18_.jpeg;
;11972;OLIMP Герметик аквариумный бесцветный;290;мл;210,938;OLIMP;http://www.dekart.ru/content/images/thumbs/0000103__.jpg;
;13952;OLIMP Герметик акриловый белый М;290;мл;84,8445;OLIMP;http://www.dekart.ru/content/images/thumbs/0000129__.jpg;
;16723;OLIMP Герметик битумный черный;290;мл;170,8499;OLIMP;http://www.dekart.ru/content/images/thumbs/0000106__.jpg;
;11971;OLIMP Герметик нейтр. силиконовый белый;290;мл;187,8682;OLIMP;http://www.dekart.ru/content/images/thumbs/0000126__.jpg;
;11970;OLIMP Герметик нейтр. силиконовый бесцв.;290;мл;187,8682;OLIMP;http://www.dekart.ru/content/images/thumbs/0000126__.jpg;
;11979;OLIMP Герметик паркетный бук PF-37;290;мл;126,4393;OLIMP;http://www.dekart.ru/content/images/thumbs/0000133__.jpg;
;11980;OLIMP Герметик паркетный дуб PF-90;290;мл;126,4393;OLIMP;http://www.dekart.ru/content/images/thumbs/0000133__.jpg;
;11983;OLIMP Герметик паркетный сосна PF-86;290;мл;126,4393;OLIMP;http://www.dekart.ru/content/images/thumbs/0000133__.jpg;
;11977;OLIMP Герметик паркетный темная вишня PF-10;290;мл;126,4393;OLIMP;http://www.dekart.ru/content/images/thumbs/0000133__.jpg;
;11978;OLIMP Герметик паркетный темный дуб PF-96;290;мл;126,4393;OLIMP;http://www.dekart.ru/content/images/thumbs/0000133__.jpg;
;11975;OLIMP Герметик санит. силиконовый белый;290;мл;142,35845;OLIMP;http://www.dekart.ru/content/images/thumbs/0000136__.jpg;
;11976;OLIMP Герметик санит. силиконовый бесцв.;290;мл;142,35845;OLIMP;http://www.dekart.ru/content/images/thumbs/0000136__.jpg;
;20950;OLIMP Герметик силиконовый белый;80;мл;109,4951;OLIMP;http://www.dekart.ru/content/images/thumbs/0001548__.jpeg;
;13951;OLIMP Герметик силиконовый белый;290;мл;147,15025;OLIMP;http://www.dekart.ru/content/images/thumbs/0000145__.jpg;
;20951;OLIMP Герметик силиконовый бесцветный;80;мл;109,4951;OLIMP;http://www.dekart.ru/content/images/thumbs/0001548__.jpeg;
;14054;OLIMP Герметик силиконовый бесцветный;290;мл;147,15025;OLIMP;http://www.dekart.ru/content/images/thumbs/0000145__.jpg;
;13980;OLIMP Герметик силиконовый коричневый;290;мл;148,45935;OLIMP;http://www.dekart.ru/content/images/thumbs/0000145__.jpg;
;13981;OLIMP Герметик силиконовый серый;290;мл;148,45935;OLIMP;http://www.dekart.ru/content/images/thumbs/0000145__.jpg;
;13983;OLIMP Герметик силиконовый черный;290;мл;148,45935;OLIMP;http://www.dekart.ru/content/images/thumbs/0000145__.jpg;
;11973;OLIMP Герметик термостойкий черный +1500 С;290;мл;135,12135;OLIMP;http://www.dekart.ru/content/images/thumbs/0000140__.jpg;
;18118;OLIMP Клей монтажный многоцелевой;450;гр;114,91675;OLIMP;http://www.dekart.ru/content/images/thumbs/0000125__.jpg;
;20561;OLIMP Клей строительный влагостойкий;500;гр;164,68725;OLIMP;http://www.dekart.ru/content/images/thumbs/0001476__.jpeg;
;20562;OLIMP Клей строительный многоцелевой;500;гр;154,18975;OLIMP;http://www.dekart.ru/content/images/thumbs/0001474__.jpeg;
;20563;OLIMP Клей строительный особопрочный;500;гр;153,9798;OLIMP;http://www.dekart.ru/content/images/thumbs/0001473__.jpeg;
;13868;OLIMP Пена монтажная;650;мл;197,88405;OLIMP;http://www.dekart.ru/content/images/thumbs/0000322__.jpeg;
;13844;OLIMP Пена монтажная;700;мл;266,32775;OLIMP;http://www.dekart.ru/content/images/thumbs/0000322__.jpeg;
;16890;OLIMP Пена монтажная всесезонная;660;мл;263,2279;OLIMP;http://www.dekart.ru/content/images/thumbs/0000323__10.jpeg;
;13809;OLIMP Пена монтажная проф.;700;мл;290,0768;OLIMP;http://www.dekart.ru/content/images/thumbs/0000323__10.jpeg;
;15003;OLIMP Пена монтажная проф. 65;875;мл;361,7315;OLIMP;http://www.dekart.ru/content/images/thumbs/0001590__18.jpeg;
;18071;OLIMP Пена монтажная проф. 65 всесезонная;785;мл;367,9065;OLIMP;http://www.dekart.ru/content/images/thumbs/0001590__18.jpeg;
;16891;OLIMP Пена монтажная проф. Всесезонная;700;мл;296,3506;OLIMP;http://www.dekart.ru/content/images/thumbs/0000323__10.jpeg;
;15933;ЭКСПЕРТ Герметик акриловый белый;270;мл;78,9412;ЭКСПЕРТ;http://www.dekart.ru/content/images/thumbs/0000348__.jpeg;
;18318;ЭКСПЕРТ Герметик силиконовый белый;270;мл;123,66055;ЭКСПЕРТ;http://www.dekart.ru/content/images/thumbs/0000349__.jpeg;
;18319;ЭКСПЕРТ Герметик силиконовый бесцветный;270;мл;123,66055;ЭКСПЕРТ;http://www.dekart.ru/content/images/thumbs/0000349__.jpeg;
;16108;ЭКСПЕРТ Герметик силиконовый коричневый;270;мл;128,3412;ЭКСПЕРТ;http://www.dekart.ru/content/images/thumbs/0000349__.jpeg;
;16079;ЭКСПЕРТ Герметик силиконовый серый;270;мл;128,3412;ЭКСПЕРТ;http://www.dekart.ru/content/images/thumbs/0000349__.jpeg;
;16109;ЭКСПЕРТ Герметик силиконовый черный;270;мл;128,3412;ЭКСПЕРТ;http://www.dekart.ru/content/images/thumbs/0000349__.jpeg;
;16724;ЭКСПЕРТ Пена монтажная всесезонная;450;мл;199,11905;ЭКСПЕРТ;http://www.dekart.ru/content/images/thumbs/0001564__10c_30c.jpeg;
;21079;ЭКСПЕРТ Пена монтажная проф. 65 всесезонная;850;мл;350,90055;ЭКСПЕРТ;http://www.dekart.ru/content/images/thumbs/0001564__10c_30c.jpeg;
;17934;ЭКСПЕРТ Пена монтажная проф. всесезонная;650;мл;272,4904;ЭКСПЕРТ;http://www.dekart.ru/content/images/thumbs/0001564__10c_30c.jpeg;
;15153;BOSTIK Гель для паркета и ламината Clic Protect;125;мл;265,29087;BOSTIK;http://mnogopol.by/sites/default/files/5_53.jpg;
;20769;BOSTIK Герметик полиуретановый серый 2639;600;мл;516,21882;BOSTIK;http://st20.stpulscen.ru/images/product/088/709/453_big.jpg;
;6309;BOSTIK Клей акрилов.напол. KE 310;6;кг;1640,80644;BOSTIK;http://linoleumservice.md/sites/default/files/ku_320.jpg;
;6308;BOSTIK Клей акрилов.напол. KE 310;20;кг;4692,91485;BOSTIK;http://linoleumservice.md/sites/default/files/ku_320.jpg;
;19811;BOSTIK Клей акрилов.напол. KU 320;6;кг;1767,61845;BOSTIK;http://r-parket.spb.ru.images.1c-bitrix-cdn.ru/upload/iblock/4e8/4e805a2f02434e4a475369b46bc3efa8.png?1439216284984131;
;19812;BOSTIK Клей акрилов.напол. KU 320;20;кг;5309,25096;BOSTIK;http://r-parket.spb.ru.images.1c-bitrix-cdn.ru/upload/iblock/4e8/4e805a2f02434e4a475369b46bc3efa8.png?1439216284984131;
;19813;BOSTIK Клей для склеивания швов ПВХ (Linokol );50;мл;178,84737;BOSTIK;http://images.obi.ru/fsicache/obi?type=image&source=ObiWebShop%2FPROD%2FRU%2Fproduct%2F294%2F294388_picture_1.jpg&width=565&height=565&quality=85&effects=pad%28CC,ffff%29;
;6307;"BOSTIK Клей паркетный ""Tarbicol-KP5""";6;кг;1705,42749;BOSTIK;http://ognebiozashita.com.ua/wp-content/uploads/2016/02/Bostik-Tarbicol-KP51.jpg;
;6306;"BOSTIK Клей паркетный ""Tarbicol-KP5""";20;кг;5111,08377;BOSTIK;http://ognebiozashita.com.ua/wp-content/uploads/2016/02/Bostik-Tarbicol-KP51.jpg;
;6305;"BOSTIK Клей паркетный ""Tarbicol-KPA""";7;кг;2511,23808;BOSTIK;https://static-eu.insales.ru/images/products/1/704/69616320/1.jpg;
;20952;"BOSTIK Клей паркетный ""Tarbicol-КРA""";25;кг;7819,73946;BOSTIK;https://static-eu.insales.ru/images/products/1/704/69616320/1.jpg;
;20129;QUELYD Dissoucol Жидкость для снятия обоев;250;мл;200,41593;QUELYD;http://nashaotdelka.ru/wp-content/uploads/sostav-dlya-rastvoreniya-kleya.jpg;
;20762;QUELYD Герметик для кровли черный;310;мл;178,04943;QUELYD;http://complexstroy.ru.opt-images.1c-bitrix-cdn.ru/upload/iblock/ad8/ad80fde894984c1b146104b4a90d3a41.jpg?1423751920723978;
;20766;QUELYD Гидроизоляция СТОП ВОДА;290;мл;372,54126;QUELYD;http://www.kras-ki.ru/images/stories/virtuemart/product/290-stop-voda.jpg;
;20767;QUELYD Гидроизоляция СТОП ВОДА;1;кг;754,30719;QUELYD;http://www.maxidom.ru/upload/iblock/d84/d8400080547f71b96362aa970cfbf75c.jpg;
;20768;QUELYD Гидроизоляция СТОП ВОДА;6;кг;3307,42503;QUELYD;http://tdremont.ru/images/catalog/00127545_1.jpg;
;20880;QUELYD Грунт универсальный;180;г;118,63917;QUELYD;http://budnezhyn.com.ua/3740-thickbox_default/quelyd-grunt-universalnyy-dlya-schpaler-180-g.jpg;
;6297;"QUELYD Клей д/декор.бордюров ""Bordure""";250;г;302,86659;QUELYD;;
;6298;"QUELYD Клей д/декор.бордюров ""Bordure""";500;г;261,3858;QUELYD;;
;6302;"QUELYD Клей д/стыков обоев ""Raccord""";80;г;198,69915;QUELYD;http://stroyprofi.moscow/images/product_images/2674.png;
;21250;QUELYD Клей для паркета Parquet PU 2K;10;кг;3867,3492;QUELYD;http://www.alt-x.ru/images/ed_catalog/pics/1781.jpg;
;21667;"QUELYD Клей для пробки ""KORK""";3;кг;1238,35452;QUELYD;http://www.bafus.ru/image/100011002.png;
;14776;"QUELYD Клей для стеновых покрытий ""Murale""";5;кг;970,25877;QUELYD;http://build-shop.com/uploads/kind/Murale10_0.jpg;
;14996;"QUELYD Клей монтажный ""Mastifix Ultra""";300;мл;173,60031;QUELYD;http://stroyudacha.ru/images/products_resized/o1800/47833.jpg;
;14995;"QUELYD Клей монтажный ""Mastifix Ultra""";310;мл;197,98584;QUELYD;http://stroyudacha.ru/images/products_resized/o1800/47833.jpg;
;21865;"QUELYD Клей монтажный ""Mastifix Декор""";310;мл;162,21153;QUELYD;http://laminatvsem.ru/upload/iblock/781/781039fdb78256c11c3324209f7989f0.jpg;
;21866;"QUELYD Клей монтажный ""Mastifix для зеркал""";310;мл;188,16876;QUELYD;http://www.zavsnab.ru/content/images/catalog/826.jpg;
;21867;"QUELYD Клей монтажный ""Mastifix Строительный""";310;мл;160,41012;QUELYD;http://t-res.ru/upload/iblock/c9c/d15b094670b211e49403002590eb318b_77550b8b7c7e11e49405002590eb318b.png;
;21868;"QUELYD Клей монтажный ""Mastifix Супер Сила""";310;мл;193,12566;QUELYD;http://gksp.me/10244-thickbox_default/zhidkie-gvozdi-quelyd-mastifiks-super-sila-310-ml.jpg;
;10334;"QUELYD Клей обойный ""Индикатор""";150;г;147,83652;QUELYD;http://images.obi.ru/fsicache/obi?type=image&source=ObiWebShop%2FPROD%2FRU%2Fproduct%2F198%2F198517_picture_1.jpg&width=565&height=565&quality=85&effects=pad%28CC,ffff%29;
;14778;"QUELYD Клей обойный ""Индикатор""";250;г;178,21869;QUELYD;http://images.obi.ru/fsicache/obi?type=image&source=ObiWebShop%2FPROD%2FRU%2Fproduct%2F198%2F198517_picture_1.jpg&width=565&height=565&quality=85&effects=pad%28CC,ffff%29;
;20719;"QUELYD Клей обойный ""Индикатор"" бонусный";300;г;162,01809;QUELYD;http://images.obi.ru/fsicache/obi?type=image&source=ObiWebShop%2FPROD%2FRU%2Fproduct%2F198%2F198517_picture_1.jpg&width=565&height=565&quality=85&effects=pad%28CC,ffff%29;
;6295;"QUELYD Клей обойный ""Спецвинил""";300;г;189,60747;QUELYD;http://www.oboidv.ru/upload/iblock/4db/4db7503d84cf4ab82f912fa2977549b5.jpeg;
;21201;"QUELYD Клей обойный ""Спецвинил""";450;г;254,72421;QUELYD;http://www.oboidv.ru/upload/iblock/4db/4db7503d84cf4ab82f912fa2977549b5.jpeg;
;10151;"QUELYD Клей обойный ""Стеклообои""";500;г;408,8838;QUELYD;http://s.estateline.ru/files/goods/h0021/1114030/3786735.jpeg;
;13278;"QUELYD Клей обойный ""Экспресс""";180;г;124,2852;QUELYD;http://nmir.ru/update/Photos/000004799-1-2.jpg;
;6294;"QUELYD Клей обойный ""Экспресс""";250;г;177,14268;QUELYD;http://nmir.ru/update/Photos/000004799-1-2.jpg;
;6296;"QUELYD Клей обойный ""Экспресс-супер""";250;г;185,48478;QUELYD;http://www.tdarsenal.ru/upload/iblock/06c/06c3ba0e626b1bfa0239fc2f404784c2.jpg;
;6300;"QUELYD Клей обойный флизелинов.""Intisse""";300;г;204,76833;QUELYD;http://www.oboidv.ru/upload/iblock/50c/50cb096661474d5bc17f11a2862ed1f4.jpeg;
;21200;"QUELYD Клей обойный флизелинов.""Intisse""";450;г;282,74883;QUELYD;http://www.oboidv.ru/upload/iblock/50c/50cb096661474d5bc17f11a2862ed1f4.jpeg;
;15836;"QUELYD Клей обойный флизелинов.""Intisse"" бонусный";360;г;165,92316;QUELYD;http://www.oboidv.ru/upload/iblock/50c/50cb096661474d5bc17f11a2862ed1f4.jpeg;
;20198;QUELYD Клей-герметик белый;290;мл;375,32196;QUELYD;http://stroymat77.ru/wa-data/public/shop/products/24/14/1424/images/742/742.970.jpg;
;21870;QUELYD Клей-герметик жидкий металл;290;мл;393,66249;QUELYD;http://www.zavsnab.ru/content/images/catalog/300.jpg;
;15842;QUELYD Клейкая масса Blu Tack;50;г;113,30748;QUELYD;http://www.lkmflot.ru/images/big/100962061.jpg;
;21969;LIQUID NAILS Жидкие гвозди LN-601 Универсальные;310;мл;153,72435;LIQUID NAILS;http://www.dekart.ru/content/images/thumbs/0001812__liquid_nails_ln_601_.jpeg;
;21972;LIQUID NAILS Жидкие гвозди LN-901 Сверхпрочный;310;мл;170,20302;LIQUID NAILS;http://www.dekart.ru/content/images/thumbs/0001815__liquid_nails_ln_901_.jpeg;
;21973;LIQUID NAILS Жидкие гвозди LN-910 Для панелей и молдингов;310;мл;165,62091;LIQUID NAILS;http://www.dekart.ru/content/images/thumbs/0001816__liquid_nails_ln_910_.jpeg;
;21974;LIQUID NAILS Жидкие гвозди LN-915 Для ванных комнат;310;мл;173,8542;LIQUID NAILS;http://www.dekart.ru/content/images/thumbs/0001817__liquid_nails_ln_915_.jpeg;
;21057;Краска для бордюров глянц белая;20;кг;2130,64488;;http://www.dekart.ru/content/images/thumbs/0001581__.jpeg;
;21058;Краска для бордюров глянц черная;20;кг;2150,2065;;http://www.dekart.ru/content/images/thumbs/0001581__.jpeg;
;21153;ЭКОНОМ Грунтовка ГФ-021 кр-коричневый;20;кг;1419,08793;;http://www.dekart.ru/content/images/thumbs/0001596__021_.jpeg;
;21154;ЭКОНОМ Грунтовка ГФ-021 серый;20;кг;1461,17322;;http://www.dekart.ru/content/images/thumbs/0001596__021_.jpeg;
;21970;LIQUID NAILS Жидкие гвозди LN-602 Для полов и настилов;310;мл;192,15846;LIQUID NAILS;http://www.dekart.ru/content/images/thumbs/0001813__liquid_nails_ln_602_.jpeg;
;21971;LIQUID NAILS Жидкие гвозди LN-604 Для пенопанелей;310;мл;161,65539;LIQUID NAILS;http://www.dekart.ru/content/images/thumbs/0001991__liquid_nails_ln_604_.jpeg;
;21975;LIQUID NAILS Жидкие гвозди LN-930 Для зеркал;310;мл;199,27947;LIQUID NAILS;http://www.dekart.ru/content/images/thumbs/0001821__liquid_nails_ln_930_.jpeg;
;21976;LIQUID NAILS Жидкие гвозди LN-950 Полиуретановые;310;мл;309,43146;LIQUID NAILS;http://www.dekart.ru/content/images/thumbs/0001819__liquid_nails_ln_950_.jpeg;
;21978;LIQUID NAILS Клей-герметик для кровли RR-808;310;мл;169,77987;LIQUID NAILS;http://www.dekart.ru/content/images/thumbs/0001820__liquid_nails_rr_808_.jpeg;
;19362;ЭКСПЕРТ Клей 88 универсальный;1;л;273,4056;ЭКСПЕРТ;http://www.dekart.ru/content/images/thumbs/0000345__88_.jpeg;
;w17710;ЭКСПЕРТ Клей Бустилат всесезонный;;;;ЭКСПЕРТ;http://www.dekart.ru/content/images/thumbs/0000172__.jpg;
w17710;17710;;1;кг;59,2956;;;
w17710;17711;;2,5;кг;137,8962;;;
;w17712;ЭКСПЕРТ Клей КС;;;;ЭКСПЕРТ;http://www.dekart.ru/content/images/thumbs/0000173__.jpg;
w17712;17712;;1,5;кг;60,0561;;;
w17712;17713;;5;кг;189,3294;;;
w17712;17714;;20;кг;659,88;;;
;w17103;ЭКСПЕРТ Клей универсальный;;;;ЭКСПЕРТ;http://www.dekart.ru/content/images/thumbs/0000177__.jpg;
w17103;17103;;0,25;л;86,2173;;;
w17103;17109;;0,5;л;120,8493;;;
w17103;17110;;1;л;236,106;;;
;w17027;ЭКСПЕРТ Клей ЭДП эпоксидный;;;;ЭКСПЕРТ;http://www.dekart.ru/content/images/thumbs/0000341__.jpeg;
w17027;17027;;100;гр;88,2414;;;
w17027;17028;;150;гр;110,0853;;;
w17027;17029;;280;гр;191,7513;;;
;w12553;ЭКСПЕРТ Краситель универсал.;100;мл;34,0353;ЭКСПЕРТ;http://www.dekart.ru/content/images/thumbs/0000854__.png;
w12553;12553;;100;мл;34,0353;;;лимонн.
w12553;12554;;100;мл;34,0353;;;желтый
w12553;12555;;100;мл;34,0353;;;жел-кор.
w12553;12556;;100;мл;34,0353;;; бежевый
w12553;17366;;100;мл;34,0353;;;золотистая охра
w12553;12557;;100;мл;34,0353;;;оранж.
w12553;12558;;100;мл;34,0353;;;алый
w12553;12559;;100;мл;34,0353;;;кр-кор.
w12553;17693;;100;мл;34,0353;;;шоколад
w12553;12560;;100;мл;34,0353;;;фуксия
w12553;17367;;100;мл;34,0353;;; зеленый
w12553;12561;;100;мл;34,0353;;;салатный
w12553;12562;;100;мл;34,0353;;;зел. Ель
w12553;12563;;100;мл;34,0353;;;изумруд
w12553;17694;;100;мл;34,0353;;; морская волна
w12553;12565;;100;мл;34,0353;;;голубой
w12553;12566;;100;мл;34,0353;;;синий
w12553;12567;;100;мл;34,0353;;;фиолет.
w12553;12568;;100;мл;34,0353;;;черный
;w17047;ЭКСПЕРТ Краска МА-15  ;;;;ЭКСПЕРТ;http://www.dekart.ru/content/images/thumbs/0000181__15_.jpg;
w17047;17047;;0,9;кг;116,0172;;; белая
w17047;17048;;2,5;кг;281,6073;;; белая
w17047;17049;;3,5;кг;381,4317;;; белая
w17047;17050;;25;кг;2622,3444;;; белая
w17047;17051;;0,9;кг;101,5794;;;бежевая
w17047;17052;;2,5;кг;244,2258;;;бежевая
w17047;17054;;25;кг;2116,2258;;;бежевая
w17047;17055;;0,9;кг;100,9827;;;голубая
w17047;17056;;2,5;кг;240,9264;;;голубая
w17047;17058;;25;кг;2085,4314;;;голубая
w17047;17059;;0,9;кг;108,4122;;;желтая
w17047;17060;;2,5;кг;252,6147;;;желтая
w17047;17062;;25;кг;2259,855;;;желтая
w17047;17063;;0,9;кг;99,1107;;;зеленая
w17047;17064;;2,5;кг;235,5327;;;зеленая
w17047;17066;;25;кг;2056,8951;;;зеленая
w17047;17067;;0,9;кг;97,461;;;коричневая
w17047;17068;;2,5;кг;231,1335;;;коричневая
w17047;17071;;0,9;кг;102,0825;;; красная
w17047;17072;;2,5;кг;245,5362;;; красная
w17047;17738;;0,9;кг;101,3571;;;салатовая
w17047;17739;;2,5;кг;241,4412;;;салатовая
w17047;17741;;25;кг;2079,9558;;;салатовая
w17047;17075;;0,9;кг;95,9868;;;серая
w17047;17076;;2,5;кг;233,1225;;;серая
w17047;17078;;25;кг;1949,5359;;;серая
w17047;17742;;0,9;кг;103,5567;;;синяя
w17047;17743;;2,5;кг;247,6773;;;синяя
w17047;17079;;0,9;кг;91,7046;;; черная
w17047;17080;;2,5;кг;217,3392;;; черная
w17047;17082;;1;кг;101,9772;;;сурик
w17047;17083;;2,5;кг;218,6379;;;сурик
w17047;17084;;3,5;кг;278,6121;;;сурик
w17047;17085;;25;кг;1876,7619;;;сурик
;17044;ЭКСПЕРТ Краска БТ-177 бронзовая;0,5;л;114,2739;ЭКСПЕРТ;http://www.dekart.ru/content/images/thumbs/0000178__177_.jpg;
;17045;ЭКСПЕРТ Краска БТ-177 золотистая;0,5;л;117,936;ЭКСПЕРТ;http://www.dekart.ru/content/images/thumbs/0000178__177_.jpg;
;17043;ЭКСПЕРТ Краска БТ-177 серебрянка;0,5;л;114,2739;ЭКСПЕРТ;http://www.dekart.ru/content/images/thumbs/0000178__177_.jpg;
;17031;ЭКСПЕРТ Лак ХВ-784 бесцветный;0,5;л;106,9497;ЭКСПЕРТ;http://www.dekart.ru/content/images/thumbs/0000187__784_.jpg;
;17727;ЭКСПЕРТ Лак ХВ-784 бук;0,5;л;106,9497;ЭКСПЕРТ;http://www.dekart.ru/content/images/thumbs/0000187__784_.jpg;
;17728;ЭКСПЕРТ Лак ХВ-784 дуб;0,5;л;106,9497;ЭКСПЕРТ;http://www.dekart.ru/content/images/thumbs/0000187__784_.jpg;
;17032;ЭКСПЕРТ Лак ХВ-784 красное дерево;0,5;л;106,9497;ЭКСПЕРТ;http://www.dekart.ru/content/images/thumbs/0000187__784_.jpg;
;17036;ЭКСПЕРТ Лак ХВ-784 лиственница;0,5;л;106,9497;ЭКСПЕРТ;http://www.dekart.ru/content/images/thumbs/0000187__784_.jpg;
;17729;ЭКСПЕРТ Лак ХВ-784 мокко;0,5;л;106,9497;ЭКСПЕРТ;http://www.dekart.ru/content/images/thumbs/0000187__784_.jpg;
;17033;ЭКСПЕРТ Лак ХВ-784 орегон;0,5;л;106,9497;ЭКСПЕРТ;http://www.dekart.ru/content/images/thumbs/0000187__784_.jpg;
;17035;ЭКСПЕРТ Лак ХВ-784 орех;0,5;л;106,9497;ЭКСПЕРТ;http://www.dekart.ru/content/images/thumbs/0000187__784_.jpg;
;17034;ЭКСПЕРТ Лак ХВ-784 сосна;0,5;л;106,9497;ЭКСПЕРТ;http://www.dekart.ru/content/images/thumbs/0000187__784_.jpg;
;17038;ЭКСПЕРТ Морилка дуб;0,5;л;100,6317;ЭКСПЕРТ;http://www.dekart.ru/content/images/thumbs/0000157__.jpg;
;17039;ЭКСПЕРТ Морилка клен;0,5;л;100,6317;ЭКСПЕРТ;http://www.dekart.ru/content/images/thumbs/0000157__.jpg;
;17040;ЭКСПЕРТ Морилка красное дерево;0,5;л;100,6317;ЭКСПЕРТ;http://www.dekart.ru/content/images/thumbs/0000157__.jpg;
;17041;ЭКСПЕРТ Морилка лиственница;0,5;л;100,6317;ЭКСПЕРТ;http://www.dekart.ru/content/images/thumbs/0000157__.jpg;
;17042;ЭКСПЕРТ Морилка мокко;0,5;л;100,6317;ЭКСПЕРТ;http://www.dekart.ru/content/images/thumbs/0000157__.jpg;
;w17680;ЭКСПЕРТ Жидкое стекло;;;;ЭКСПЕРТ;http://www.dekart.ru/content/images/thumbs/0000169__.jpg;
w17680;17680;;1,3;кг;71,5572;;;
w17680;19851;;3,8;кг;179,6886;;;
w17680;17455;;7;кг;313,7004;;;
w17680;17456;;14;кг;594,3951;;;
;w18225;ЭКСПЕРТ Лак Битумный БТ-577;;;;ЭКСПЕРТ;http://www.dekart.ru/content/images/thumbs/0001565__577_.jpeg;
w18225;18225;;0,5;л;45,0567;;;
w18225;18226;;3;л;198,4554;;;
w18225;18228;;10;л;674,5518;;;
;w18608;ЭКСПЕРТ Мастика битумная холодного отверждения;;;;ЭКСПЕРТ;http://www.dekart.ru/content/images/thumbs/0000165__.jpg;
w18608;18608;;1,8;кг;164,2797;;;
w18608;18609;;18;кг;1324,674;;;
;w18610;ЭКСПЕРТ Мастика резино-битумная;;;;ЭКСПЕРТ;http://www.dekart.ru/content/images/thumbs/0000194__.jpg;
w18610;18610;;1,8;кг;184,5441;;;
w18610;18611;;18;кг;1495,1196;;;
;w18229;ЭКСПЕРТ Олифа Оксоль марки ПВ;;;;ЭКСПЕРТ;http://www.dekart.ru/content/images/thumbs/0001547__.png;
w18229;18229;;0,5;кг;60,4773;;;
w18229;18230;;3;кг;304,0011;;;
w18229;19852;;5;кг;479,5245;;;
w18229;18232;;9;кг;928,0674;;;
;18856;ЭКСПЕРТ Праймер битумный;16;кг;1461,8097;;http://www.dekart.ru/content/images/thumbs/0000347__.jpeg;
;w20832;ЭКСПЕРТ Противоморозная добавка для бетонных и цементных растворов;;;;ЭКСПЕРТ;http://www.dekart.ru/content/images/thumbs/0001518__.jpeg;
w20832;20832;;10;л;360,3249;ЭКСПЕРТ;;
w20832;20833;;20;л;712,4598;;;
;w15460;ЭКСПЕРТ Лак мебельный НЦ-218М;;;;ЭКСПЕРТ;http://www.domstroy45.ru/images/products_photo/stroitelnye_materialy/lakokrasochnye_materialy/laki/lak_ekspertxncz_218m_17kg_mebelnyj/h01661_12.jpg;
w15460;15460;;1,7;кг;337,428;;;
w15460;22810;;0,7;кг;159,5997;;;
w15460;22811;;1,7;кг;357,9498;;;
;w22812;ЭКСПЕРТ Лак мебельный НЦ-222М;;;;ЭКСПЕРТ;http://static.baza.farpost.ru/v/1444368203197_bulletin;
w22812;22812;;0,7;кг;143,2665;;;
w22812;22813;;1,7;кг;324,6282;;;
;w15464;ЭКСПЕРТ Лак мебельный НЦ-243М матовый;;;;ЭКСПЕРТ;http://xn--80agatlhjjbulh.xn--90afqsbambik.xn--p1ai/upload/iblock/7fb/7fb5133267f43bcca39b31367584c270.jpg;
w15464;15464;;1,7;кг;347,8995;;;
w15464;22814;;0,7;кг;154,908;;;
;w22596;ЭКСПЕРТ Эмаль НЦ-132М ;;;;ЭКСПЕРТ;http://www.dekart.ru/content/images/thumbs/0000534__132_.jpeg;
w22596;22596;;0,7;кг;141,4179;;; белая
w22596;22597;;1,7;кг;319,6206;;; белая
w22596;22598;;8;кг;1441,44;;; белая
w22596;15476;;0,7;кг;142,7166;;;голубая
w22596;15489;;1,7;кг;302,9013;;;голубая
w22596;15688;;8;кг;1442,727;;;голубая
w22596;22604;;0,7;кг;146,4489;;;желтая
w22596;22605;;1,7;кг;328,2201;;;желтая
w22596;22606;;8;кг;1480,2021;;;желтая
w22596;22607;;0,7;кг;146,2851;;; защитная
w22596;22608;;1,7;кг;328,2201;;; защитная
w22596;22609;;8;кг;1480,2021;;; защитная
w22596;22610;;0,7;кг;146,2851;;; зеленая
w22596;22611;;1,7;кг;328,2201;;; зеленая
w22596;22612;;8;кг;1480,2021;;; зеленая
w22596;22613;;0,7;кг;146,2851;;;золотисто-желтая
w22596;22614;;1,7;кг;328,2201;;;золотисто-желтая
w22596;22615;;8;кг;1480,2021;;;золотисто-желтая
w22596;22731;;0,7;кг;142,7166;;; коричневая
w22596;22732;;1,7;кг;318,2283;;; коричневая
w22596;22733;;8;кг;1442,727;;; коричневая
w22596;22734;;0,7;кг;146,4489;;; красная
w22596;22735;;1,7;кг;328,2201;;; красная
w22596;22736;;8;кг;1480,2021;;; красная
w22596;22737;;0,7;кг;146,2851;;; оранжевая
w22596;22738;;1,7;кг;328,2201;;; оранжевая
w22596;22739;;8;кг;1480,2021;;; оранжевая
w22596;22740;;0,7;кг;142,7166;;;серая
w22596;22741;;1,7;кг;318,2283;;;серая
w22596;22742;;8;кг;1442,727;;;серая
w22596;22743;;0,7;кг;146,4489;;;синяя
w22596;22744;;1,7;кг;328,2201;;;синяя
w22596;22745;;8;кг;1480,2021;;;синяя
w22596;22746;;0,7;кг;137,3814;;;черная
w22596;22747;;1,7;кг;306,3294;;;черная
w22596;22748;;8;кг;1388,8017;;;черная
w22596;22749;;0,7;кг;146,4489;;;ярко-зеленая
w22596;22750;;1,7;кг;328,2201;;;ярко-зеленая
w22596;22751;;8;кг;1480,2021;;;ярко-зеленая
;w23238;ЭКСПЕРТ Ацетон;;;;ЭКСПЕРТ;http://domsklad.ru/linkpics/image17%C2%A0355.JPEG;
w23238;23238;;0,44;л;71,4051;;;
w23238;23239;;0,9;л;119,5623;;;
w23238;23240;;5;л;633,2742;;;
w23238;23241;;10;л;1225,7739;;;
;w23242;ЭКСПЕРТ Керосин;;;;ЭКСПЕРТ;http://static.baza.farpost.ru/v/1444368211163_bulletin;
w23242;23242;;0,44;л;56,4525;;;
w23242;23243;;0,86;л;91,1196;;;
;w23244;ЭКСПЕРТ Обезжириватель универсальный;;;;ЭКСПЕРТ;http://www.dekart.ru/content/images/thumbs/0001345__.png;
w23244;23244;;0,44;л;73,2537;;;
w23244;23245;;0,86;л;127,0035;;;
;w23246;ЭКСПЕРТ Растворитель 646;;;;ЭКСПЕРТ;;
w23246;23246;;0,44;л;52,1235;;;
w23246;23247;;0,86;л;87,984;;;
w23246;23248;;5;л;449,5491;;;
w23246;23249;;10;л;850,8708;;;
;w23250;ЭКСПЕРТ Растворитель 647;;;;ЭКСПЕРТ;http://www.dekart.ru/public/image/articles/ekspert_rastvoritel_647.jpeg;
w23250;23250;;0,44;л;53,5743;;;
w23250;23251;;0,86;л;92,0556;;;
;23252;ЭКСПЕРТ Растворитель 650;0,44;л;65,5317;ЭКСПЕРТ;http://www.dekart.ru/content/images/thumbs/0000335__650.jpeg;
;23253;ЭКСПЕРТ Растворитель 651;0,44;л;55,2708;ЭКСПЕРТ;http://www.dekart.ru/content/images/thumbs/0000336__651.jpeg;
;23254;ЭКСПЕРТ Скипидар;0,44;л;76,7637;ЭКСПЕРТ;http://www.dekart.ru/public/image/articles/ekspert_skipidar_rastvoritel.jpeg;
;23255;ЭКСПЕРТ Сольвент;0,44;л;67,6026;ЭКСПЕРТ;http://www.dekart.ru/public/image/articles/ekspert_solvent_rastvoritel.jpeg;
;23256;ЭКСПЕРТ Ферризол преобраз-ль ржав.;0,44;л;85,7844;ЭКСПЕРТ;http://www.dekart.ru/public/image/articles/Ekspert-Ferrizol-11.jpg;
;w17715;ЭКСПЕРТ Шпатлевка масляно-клеевая;;;;ЭКСПЕРТ;http://www.dekart.ru/content/images/thumbs/0000855__.png;
w17715;17715;;1,5;кг;55,9611;;;
w17715;17716;;5;кг;153,3636;;;
;w17718;ЭКСПЕРТ Шпатлевка на ПВА;;;;ЭКСПЕРТ;http://www.dekart.ru/content/images/thumbs/0000856__.png;
w17718;17718;;1,5;кг;59,0382;;;
w17718;17719;;5;кг;172,4346;;;
;w15387;ЭКСПЕРТ Грунтовка ГФ-021М кр-коричневый;;;;ЭКСПЕРТ;http://www.dekart.ru/content/images/thumbs/0000354__021_.jpeg;
w15387;15387;;0,8;кг;91,7865;;;
w15387;15501;;1,8;кг;181,5957;;;
w15387;15623;;2,7;кг;251,8425;;;
w15387;15502;;20;кг;1838,1168;;;
;w15503;ЭКСПЕРТ Грунтовка ГФ-021М серый;;;;ЭКСПЕРТ;http://www.dekart.ru/content/images/thumbs/0000354__021_.jpeg;
w15503;15503;;0,8;кг;93,0033;;;
w15503;15504;;1,8;кг;187,8435;;;
w15503;15625;;2,7;кг;270,153;;;
w15503;15505;;20;кг;1966,3956;;;
;w15512;ЭКСПЕРТ Эмаль ПФ-115М глянц ;;;;ЭКСПЕРТ;http://www.dekart.ru/content/images/thumbs/0000212__115_.jpg;
w15512;15512;;0,8;кг;126,7227;;;бежевая
w15512;15513;;1,8;кг;274,4703;;;бежевая
w15512;15569;;2,7;кг;381,5838;;;бежевая
w15512;15514;;20;кг;2624,1813;;;бежевая
w15512;15515;;0,8;кг;124,1253;;;бирюзовая
w15512;15516;;1,8;кг;272,4462;;;бирюзовая
w15512;15570;;2,7;кг;388,8846;;;бирюзовая
w15512;15517;;20;кг;2701,5066;;;бирюзовая
w15512;15518;;0,8;кг;133,7661;;; вишневая
w15512;15519;;1,8;кг;281,0223;;; вишневая
w15512;15571;;2,7;кг;408,2715;;; вишневая
w15512;15520;;20;кг;2788,578;;; вишневая
w15512;15521;;0,8;кг;119,7846;;; голубая
w15512;15522;;1,8;кг;254,6505;;; голубая
w15512;15573;;2,7;кг;348,7302;;; голубая
w15512;15523;;20;кг;2451,4308;;; голубая
w15512;15524;;0,8;кг;150,6258;;;желтая
w15512;15525;;1,8;кг;316,8009;;;желтая
w15512;15575;;2,7;кг;443,6874;;;желтая
w15512;15526;;20;кг;2885,4423;;;желтая
w15512;15527;;0,8;кг;124,0083;;;зеленая
w15512;15528;;1,8;кг;265,6251;;;зеленая
w15512;15576;;2,7;кг;384,9651;;;зеленая
w15512;15529;;20;кг;2540,8305;;;зеленая
w15512;15530;;0,8;кг;119,0475;;; коричневая
w15512;15531;;1,8;кг;256,0077;;; коричневая
w15512;15577;;2,7;кг;366,1632;;; коричневая
w15512;15532;;20;кг;2563,0488;;; коричневая
w15512;15533;;0,8;кг;151,7958;;; коричневая
w15512;15534;;1,8;кг;308,7513;;; коричневая
w15512;15578;;2,7;кг;442,4706;;; коричневая
w15512;15535;;20;кг;3047,5809;;; коричневая
w15512;15536;;0,8;кг;132,7482;;;салатовая
w15512;15537;;1,8;кг;280,566;;;салатовая
w15512;15579;;2,7;кг;390,7566;;;салатовая
w15512;15538;;20;кг;2667,9627;;;салатовая
w15512;15539;;0,8;кг;125,4123;;;св.-зеленая
w15512;15540;;1,8;кг;257,2947;;;св.-зеленая
w15512;15581;;2,7;кг;362,8872;;;св.-зеленая
w15512;15541;;20;кг;2485,2906;;;св.-зеленая
w15512;15542;;0,8;кг;126,1962;;; св.-серая
w15512;15543;;1,8;кг;260,3718;;; св.-серая
w15512;15583;;2,7;кг;373,7799;;; св.-серая
w15512;15544;;20;кг;2496,0312;;; св.-серая
w15512;15545;;0,8;кг;117,6669;;; серая
w15512;15546;;1,8;кг;253,9953;;; серая
w15512;15582;;2,7;кг;359,1432;;; серая
w15512;15547;;20;кг;2464,1019;;; серая
w15512;15548;;0,8;кг;129,6711;;;синяя
w15512;15549;;1,8;кг;273,663;;;синяя
w15512;15580;;2,7;кг;393,1083;;;синяя
w15512;15550;;20;кг;2679,8031;;;синяя
w15512;15551;;0,8;кг;118,1115;;;черная
w15512;15552;;1,8;кг;244,3077;;;черная
w15512;15574;;2,7;кг;348,1452;;;черная
w15512;15553;;20;кг;2334,2202;;;черная
;w15554;ЭКСПЕРТ Эмаль ПФ-266М ;;;;ЭКСПЕРТ;http://www.dekart.ru/content/images/thumbs/0000213__266_.jpg;
w15554;15554;;0,9;кг;121,1418;;;желто-коричневая
w15554;15556;;1,9;кг;238,2939;;;желто-коричневая
w15554;15572;;2,7;кг;324,4059;;;желто-коричневая
w15554;15557;;20;кг;2235,0627;;;желто-коричневая
w15554;15558;;0,9;кг;125,7048;;;золотисто-коричневая
w15554;15559;;1,9;кг;247,2327;;;золотисто-коричневая
w15554;15584;;2,7;кг;336,5973;;;золотисто-коричневая
w15554;15560;;20;кг;2319,057;;;золотисто-коричневая
w15554;15561;;0,9;кг;117,9594;;;красно-коричневая
w15554;15562;;1,9;кг;241,0083;;;красно-коричневая
w15554;15585;;2,7;кг;328,1148;;;красно-коричневая
w15554;15563;;20;кг;2175,3693;;;красно-коричневая
;w22505;ЭКСПЕРТ Краска для садовых деревьев;;;;ЭКСПЕРТ;http://www.dekart.ru/content/images/thumbs/0001368__.jpeg;
w22505;22505;;1,2;кг;49,3155;;;
w22505;20159;;2,7;кг;101,5209;;;
;w18870;ЭКСПЕРТ Краска для стен и потолков;;;;ЭКСПЕРТ;http://www.dekart.ru/content/images/thumbs/0001762__.jpeg;
w18870;18870;;1,3;кг;63,3906;;;
w18870;15761;;3;кг;122,6745;;;
w18870;9010;;7;кг;266,3037;;;
w18870;9011;;14;кг;500,9355;;;
w18870;11867;;28;кг;964,5129;;;
;w15762;ЭКСПЕРТ Краска фасадная;;;;ЭКСПЕРТ;http://www.dekart.ru/content/images/thumbs/0000205__.jpg;
w15762;15762;;3;кг;167,9418;;;
w15762;9033;;7;кг;365,2623;;;
w15762;9034;;14;кг;694,3365;;;
w15762;11862;;28;кг;1356,9309;;;
;w18088;ЭКСПЕРТ Краска влагостойкая с/б внутр.;;;;ЭКСПЕРТ;http://www.dekart.ru/content/images/thumbs/0000166__.jpg;
w18088;18088;;1,3;кг;103,5801;;;
w18088;15765;;3;кг;179,9811;;;
w18088;9734;;7;кг;391,1895;;;
w18088;9735;;14;кг;748,3788;;;
w18088;11868;;28;кг;1462,2426;;;
;w16008;ЭКСПЕРТ Краска интерьерная с/б;;;;ЭКСПЕРТ;http://www.dekart.ru/content/images/thumbs/0000170__.jpg;
w16008;16008;;1,3;кг;74,6226;;;
w16008;16009;;3;кг;144,8811;;;
w16008;16010;;7;кг;311,4423;;;
w16008;16011;;14;кг;591,4935;;;
w16008;16012;;28;кг;1152,684;;;
;w18089;ЭКСПЕРТ Краска моющаяся с/б;;;;ЭКСПЕРТ;http://www.dekart.ru/content/images/thumbs/0000188__.jpg;
w18089;18089;;1,3;кг;112,4253;;;
w18089;17368;;3;кг;202,4568;;;
w18089;17369;;7;кг;457,6455;;;
w18089;17370;;14;кг;875,2887;;;
w18089;17371;;28;кг;1662,0201;;;
;w18868;ЭКСПЕРТ Краска потолочная с/б;;;;ЭКСПЕРТ;http://www.dekart.ru/content/images/thumbs/0001762__.jpeg;
w18868;18868;;1,3;кг;75,699;;;
w18868;15766;;3;кг;146,5425;;;
w18868;9740;;7;кг;314,8704;;;
w18868;9741;;14;кг;595,4013;;;
w18868;11871;;28;кг;1148,4837;;;
;w16021;ЭКСПЕРТ Краска структурная с/б;;;;ЭКСПЕРТ;http://www.dekart.ru/content/images/thumbs/0000198__.jpg;
w16021;16021;;7;кг;417,5145;;;
w16021;16022;;14;кг;805,2993;;;
w16021;16023;;28;кг;1530,0909;;;
;w15789;ЭКСПЕРТ Краска фасадная с/б;;;;ЭКСПЕРТ;http://www.dekart.ru/content/images/thumbs/0000205__.jpg;
w15789;15789;;1,3;кг;112,3434;;;
w15789;15768;;3;кг;217,6785;;;
w15789;9775;;7;кг;496,4076;;;
w15789;9774;;14;кг;949,806;;;
w15789;11873;;28;кг;1859,8554;;;
;w23050;ЭКСПЕРТ Бетон-контакт;;;;ЭКСПЕРТ;http://www.dekart.ru/content/images/thumbs/0001966__.jpeg;
w23050;23050;;3,5;кг;269,3574;;;
w23050;23052;;14;кг;1061,2719;;;
;w23567;ЭКСПЕРТ Грунтовка гл. пр. ВДАК-0181М;;;;ЭКСПЕРТ;http://www.dekart.ru/content/images/thumbs/0002113__.jpeg;
w23567;23567;;0,9;кг;47,6541;;;
w23567;23568;;3;кг;134,3043;;;
w23567;23569;;5;кг;193,7988;;;
w23567;23570;;10;кг;350,8947;;;
;w23575;ЭКСПЕРТ Грунтовка фасадная ВДАК-0181М;;;;ЭКСПЕРТ;http://www.dekart.ru/content/images/thumbs/0002114__.jpeg;
w23575;23575;;5;кг;246,6594;;;
w23575;23576;;10;кг;477,8748;;;
;w20439;ЭКСПЕРТ Клей ПВА  строительный;;;;ЭКСПЕРТ;http://www.dekart.ru/content/images/thumbs/0000175__.jpg;
w20439;20439;;0,9;кг;60,7815;;;
w20439;20160;;2,1;кг;123,9498;;;
w20439;10911;;10;кг;568,5264;;;
;w20438;ЭКСПЕРТ Клей ПВА столярный;;;;ЭКСПЕРТ;http://www.dekart.ru/content/images/thumbs/0000174__.jpg;
w20438;20438;;0,9;кг;112,9752;;;
w20438;20161;;2,1;кг;251,7606;;;
;w20440;ЭКСПЕРТ Клей ПВА универсальный;;;;ЭКСПЕРТ;http://www.dekart.ru/content/images/thumbs/0000176__.jpg;
w20440;20440;;0,9;кг;79,8759;;;
w20440;20162;;2,1;кг;162,8523;;;
w20440;10914;;10;кг;736,632;;;
;w18018;ЭКСПЕРТ Лак ПФ-231М паркетный глянц.;;;;ЭКСПЕРТ;http://www.dekart.ru/content/images/thumbs/0000186__231_m_.jpg;
w18018;18018;;0,8;кг;165,3093;;;
w18018;18019;;1,8;кг;356,6979;;;
;21047;ЭКСПЕРТ Штукатурка рустовая 2мм;18;кг;1166,0337;;http://www.dekart.ru/content/images/thumbs/0000195__.jpg;
;21048;ЭКСПЕРТ Штукатурка фактурная 0,3 мм;18;кг;1089,7848;;http://www.dekart.ru/content/images/thumbs/0000201__.jpg;
;w22109;ЭКСПЕРТ Уайт-спирит;;;;ЭКСПЕРТ;http://www.dekart.ru/content/images/thumbs/0002127__585_.jpeg;
w22109;22109;;0,5;гр;49,1283;;;
w22109;22110;;1;гр;83,655;;;
w22109;22111;;5;кг;408,8682;;;
w22109;22112;;10;кг;742,2012;;;
;10851;ЭКСПЕРТ Шпакрил морозостойкий -30С°;1,6;кг;76,0032;;http://www.dekart.ru/public/image/articles/Jekspert-Shpakril.jpg;
;w17471;ЭКСПЕРТ Эмаль акриловая глянц белая;;;;ЭКСПЕРТ;http://www.dekart.ru/content/images/thumbs/0000160__.jpg;
w17471;17471;;1;кг;229,1913;;;
w17471;17474;;2,5;кг;544,2957;;;
;w17473;ЭКСПЕРТ Эмаль акриловая д/радиаторов п/матовая белая;;;;ЭКСПЕРТ;http://www.dekart.ru/content/images/thumbs/0000161__80.jpg;
w17473;17473;;1;кг;208,728;;;
w17473;17472;;2,5;кг;504,1179;;;
;w19641;ЭКСПЕРТ Эмаль ПФ-115М   мат белая;;;;ЭКСПЕРТ;http://www.dekart.ru/content/images/thumbs/0000212__115_.jpg;
w19641;19641;;0,9;кг;139,5225;;;
w19641;19642;;1,9;кг;283,8888;;;
w19641;19643;;2,7;кг;399,2274;;;
w19641;19644;;20;кг;2537,0748;;;
;w15509;ЭКСПЕРТ Эмаль ПФ-115М  глянц белая;;;;ЭКСПЕРТ;http://www.dekart.ru/content/images/thumbs/0000212__115_.jpg;
w15509;15509;;0,9;кг;143,4654;;;
w15509;15510;;1,9;кг;286,3458;;;
w15509;15567;;2,7;кг;393,9507;;;
w15509;15511;;20;кг;2738,5371;;;
;w20248;ЭКСПЕРТ Эмаль алкидная для радиаторов белая;;;;ЭКСПЕРТ;http://www.dekart.ru/content/images/thumbs/0001467__80.jpeg;
w20248;20248;;0,5;кг;127,3662;;;
w20248;17279;;0,9;кг;176,5764;;;
;w22925;ЭКСПЕРТ Эмаль по ржав. 3в1 ;;;;ЭКСПЕРТ;http://www.dekart.ru/content/images/thumbs/0000211__.jpg;
w22925;22925;;0,8;кг;262,5597;;;бежевый RAL 1014
w22925;22926;;2;кг;610,0029;;;бежевый RAL 1014
w22925;22907;;0,8;кг;262,5597;;;белый RAL 9003
w22925;22908;;2;кг;610,0029;;;белый RAL 9003
w22925;22911;;0,8;кг;262,5597;;;зеленая RAL 6002
w22925;22912;;2;кг;610,0029;;;зеленая RAL 6002
w22925;22919;;0,8;кг;262,5597;;;коричневый RAL 8017
w22925;22920;;2;кг;610,0029;;;коричневый RAL 8017
w22925;22917;;0,8;кг;262,5597;;; красно-коричневая  RAL 3009
w22925;22918;;2;кг;610,0029;;; красно-коричневая  RAL 3009
w22925;22923;;0,8;кг;262,5597;;;светло-желтый RAL 1018
w22925;22924;;2;кг;610,0029;;;светло-желтый RAL 1018
w22925;22933;;0,8;кг;262,5597;;; светло-серый RAL 7004
w22925;22934;;2;кг;610,0029;;; светло-серый RAL 7004
w22925;22909;;0,8;кг;262,5597;;; сера RAL 7005
w22925;22910;;2;кг;610,0029;;; сера RAL 7005
w22925;22915;;0,8;кг;262,5597;;;синий RAL 5005
w22925;22916;;2;кг;610,0029;;;синий RAL 5005
w22925;22931;;0,8;кг;262,5597;;;темно-зеленый RAL 6005
w22925;22932;;2;кг;610,0029;;;темно-зеленый RAL 6005
w22925;22921;;0,8;кг;262,5597;;;темно-красный RAL 3003
w22925;22922;;2;кг;610,0029;;;темно-красный RAL 3003
w22925;22927;;0,8;кг;262,5597;;;темно-синий RAL 5001
w22925;22928;;2;кг;610,0029;;;темно-синий RAL 5001
w22925;22913;;0,8;кг;262,5597;;;черный RAL 9005
w22925;22914;;2;кг;610,0029;;;черный RAL 9005
;19837;JOBI BUNTSTEINPUTZ GOLD Штукатурка гранитная №101 Белое золото 0,4мм;20;кг;11106,5877;JOBI;http://www.dekart.ru/content/images/thumbs/0001423_jobi_buntsteinputz_gold_.jpeg;
;20982;JOBI BUNTSTEINPUTZ GOLD Штукатурка гранитная №101 Белое золото 0,4мм;7;кг;3929,8311;JOBI;http://www.dekart.ru/content/images/thumbs/0001423_jobi_buntsteinputz_gold_.jpeg;
;19833;JOBI BUNTSTEINPUTZ GOLD Штукатурка гранитная №102 Кварц и серебро 0,4мм;20;кг;38556,063;JOBI;http://www.dekart.ru/content/images/thumbs/0001423_jobi_buntsteinputz_gold_.jpeg;
;20985;JOBI BUNTSTEINPUTZ GOLD Штукатурка гранитная №102 Кварц и серебро 0,4мм;7;кг;13546,4238;JOBI;http://www.dekart.ru/content/images/thumbs/0001423_jobi_buntsteinputz_gold_.jpeg;
;19832;JOBI BUNTSTEINPUTZ GOLD Штукатурка гранитная №103 Серебро и топаз 0,4мм;20;кг;103325,2974;JOBI;http://www.dekart.ru/content/images/thumbs/0001423_jobi_buntsteinputz_gold_.jpeg;
;20986;JOBI BUNTSTEINPUTZ GOLD Штукатурка гранитная №103 Серебро и топаз 0,4мм;7;кг;36194,5233;JOBI;http://www.dekart.ru/content/images/thumbs/0001423_jobi_buntsteinputz_gold_.jpeg;
;19834;JOBI BUNTSTEINPUTZ GOLD Штукатурка гранитная №104 Золото и топаз 0,4мм;20;кг;18836,8245;JOBI;http://www.dekart.ru/content/images/thumbs/0001423_jobi_buntsteinputz_gold_.jpeg;
;20718;JOBI BUNTSTEINPUTZ GOLD Штукатурка гранитная №104 Золото и топаз 0,4мм;7;кг;6624,7623;JOBI;http://www.dekart.ru/content/images/thumbs/0001423_jobi_buntsteinputz_gold_.jpeg;
;19836;JOBI BUNTSTEINPUTZ GOLD Штукатурка гранитная №105 Черный бриллиант 0,4мм;20;кг;18702,5553;JOBI;http://www.dekart.ru/content/images/thumbs/0001423_jobi_buntsteinputz_gold_.jpeg;
;20987;JOBI BUNTSTEINPUTZ GOLD Штукатурка гранитная №105 Черный бриллиант 0,4мм;7;кг;6583,6017;JOBI;http://www.dekart.ru/content/images/thumbs/0001423_jobi_buntsteinputz_gold_.jpeg;
;19831;JOBI BUNTSTEINPUTZ GOLD Штукатурка гранитная №106 Базальт 0,4мм;20;кг;3104,4429;JOBI;http://www.dekart.ru/content/images/thumbs/0001423_jobi_buntsteinputz_gold_.jpeg;
;20983;JOBI BUNTSTEINPUTZ GOLD Штукатурка гранитная №106 Базальт 0,4мм;7;кг;1105,3224;JOBI;http://www.dekart.ru/content/images/thumbs/0001423_jobi_buntsteinputz_gold_.jpeg;
;19835;JOBI BUNTSTEINPUTZ GOLD Штукатурка гранитная №107 Черный кварц 0,4мм;20;кг;3553,8048;JOBI;http://www.dekart.ru/content/images/thumbs/0001423_jobi_buntsteinputz_gold_.jpeg;
;20984;JOBI BUNTSTEINPUTZ GOLD Штукатурка гранитная №107 Черный кварц 0,4мм;7;кг;1265,3199;JOBI;http://www.dekart.ru/content/images/thumbs/0001423_jobi_buntsteinputz_gold_.jpeg;
