головной арт;Код;номенклатура;фасовка;единица изм.;цена розница;бренд;картинка;цвет
;00000092;Гипсокартон ГКЛ Волма 12,5мм (2,5м*1,2м);1;шт;172;Волма;http://www.fanerastroy.ru/upload/iblock/194/1941b38a7edffeff5329a8dd6204e456.jpg;
;00001246;Гипсокартон ГКЛ Волма 12,5мм (3,0м*1,2м) ;1;шт;264;Волма;http://www.fanerastroy.ru/upload/iblock/194/1941b38a7edffeff5329a8dd6204e456.jpg;
;00000091;Гипсокартон ГКЛ Волма 9,5мм (2,5м*1,2м);1;шт;155;Волма;http://www.fanerastroy.ru/upload/iblock/194/1941b38a7edffeff5329a8dd6204e456.jpg;
;00000138;Гипсокартон ГКЛ КНАУФ 9,5мм (2,5м*1,2м);1;шт;220;Knauf;http://smarket.by/image/cache/data/tovar/gkl/potolok/gkl-potolok-knauf-600x600.jpg;
;00000094;Гипсокартон ГКЛВ Волма 12,5мм (2,5м*1,2м);1;шт;308;Волма;http://www.fanerastroy.ru/upload/iblock/194/1941b38a7edffeff5329a8dd6204e456.jpg;
;00000909;Гипсокартон ГКЛВ Волма 12,5мм (3,0м*1,2м) ;1;шт;354;Волма;http://www.fanerastroy.ru/upload/iblock/194/1941b38a7edffeff5329a8dd6204e456.jpg;
;00000093;Гипсокартон ГКЛВ Волма 9,5мм (2,5м*1,2м);1;шт;298;Волма;http://www.fanerastroy.ru/upload/iblock/194/1941b38a7edffeff5329a8dd6204e456.jpg;
;w00001002;"Грунт ""Оптимист""  для внутр. работ (син. этик.) G101 ";;;;Оптимист;http://www.sct.ru/upload/resize_cache/iblock/e52/417_417_1/e527ebd1492594b4e746c9ae0aca3de7.jpg;
w00001002;00001002;;10;л;360;;;
w00001002;00001003;;5;л;185;;;
;w00000106;"Грунт ""Оптимист"" гл.проникновения для внутр. и нар. работ (зел. этик.) G103";;;;Оптимист;http://poryadok.ru/upload/resize_cache/iblock/586/450_450_17fd053efb125ceeaaa4b3c8cc49e7cdd/58693ccea52f8706a73e4b1df041cea4.jpeg;
w00000106;00000106;;10;л;510;;;
w00000106;00000107;;5;л;265;;;
;w00000379;Грунт Старатели Бетон-контакт;;;;Старатели;http://st13.stpulscen.ru/images/product/074/938/868_big.jpg;
w00000379;00000379;;20;кг;1350;;;
w00000379;00000523;;5;кг;420;;;
;w00000030;Грунт ЮНИС д/внутр. работ;;;;Unis;http://ltbaza.ru/logo/thumb.php?id=33445.jpg;
w00000030;00000030;;10;л;313;;;
w00000030;00000031;;5;л;175;;;
;00000364;Грунт ЮНИС Универсальный;10;л;351;Unis;http://gksp.me/27929-thickbox_default/grunt-universalnyj-yunis-5-l.jpg;
;00001158;"Кисть 888 ""Малярная сказка"" плоская,натуральная светлая щетина,50мм*13мм";1;шт;35;;https://shop.baumall.ru/upload/iblock/d33/d3392f6004f848f40577596116f216a0.jpg;
;00001169;"Кисть 888 ""Малярная сказка"" плоская,натуральная светлая щетина,75мм*14мм";1;шт;52;;https://shop.baumall.ru/upload/iblock/d33/d3392f6004f848f40577596116f216a0.jpg;
;00000100;Пистолет для герметика желтый Соудал ;1;шт;360;;http://uralgermetik.ru/d/379135/d/5ab529a5ebdeee2caf2312423d91adb3__XL.jpg;
;00001174;Сетка шлифовальная 888,115мм*280мм,зерно №180;1;шт;140;;http://tdp.com.ua/images/catalog/5qRJBtoBo7/5qRJBtoBo78caa81492cbfaecb40e4271fb6cccb7d_1425041566.jpg;
;00001175;Сетка шлифовальная 888,115мм*280мм,зерно №220;1;шт;140;;http://tdp.com.ua/images/catalog/5qRJBtoBo7/5qRJBtoBo78caa81492cbfaecb40e4271fb6cccb7d_1425041566.jpg;
;00000149;Дюбель для ТИМ IZL-Т 10/260 ;1;шт;8,5;;https://www.1platforma.ru/medias/?context=bWFzdGVyfGltYWdlc3wxNzE0OXxpbWFnZS9qcGVnfGltYWdlcy9oOGIvaGY5Lzg4MzU3Njc0MDI1MjYuanBnfDEyZWQyMmEzNDhhZTQyMWZlY2MzZGFjNmNmZGFiZTI2MjhiM2NjZTA1YWMyYzg3MjQ1ZjYzMTc0OTJkZTNiMDA;
;00001176;Дюбель универсальный 4BS-K 6\41 (1000шт);1;уп;406;;http://geliosholl.ru/wp-content/uploads/3-vidy-diubeley.jpg;
;00000514;Дюбель фасадный MBRK-STB 10*100 с болтом HEX (50шт) Мунго;1;уп;1200;;http://www.classifieds24.ru/images/1917/1916005/large_1.jpg;
;00001196;Мастика для гибкой черепицы ТН №23 ;3,6;кг;565;;http://www.sega-stroy.ru/upload/medialibrary/3b6/3b6063806bc5549af2f6a7401595db83.png;
;00001455;Мастика ТехноНиколь №24 гидроизоляционная ;20;кг;1620;;http://1sc.saturn-r.ru/files/catalog/mastic/00000002793.jpg;
;00001271;Угол ПВХ 50*50 2,7м;1;шт;100;;http://melnikov-market.ru/d/894323/d/5bfc6f8c-9029-11e4-82e8-bcee7b59144e_916d2e2f-99b2-11e5-b852-bcee7b59144e.jpeg;
;00000588;Шайба кровельная РОКС ст.50мм;1;шт;2,25;;;
;00001401;Лента NICOBAND INSIDEсамок. герметиз. внутр. длина 3м, ширина 10см;1;шт;271;;http://kislovodsk.batyanya.ru/upload/products/efeb13e24daebfa4f00cca2609627a37.jpg;
;00001404;Лента NICOBAND самок. герметиз. красныйй длина 3м, ширина 10см;1;шт;271;;http://st27.stpulscen.ru/images/product/104/639/667_big.jpg;
;00001402;Лента NICOBAND самок. герметиз.зеленая  длина 3м, ширина 5см;1;шт;271;;http://karkas.tm.kg/wp-content/uploads/2016/05/nicoband_red.jpg;
;00001403;Лента NICOBAND самок. герметиз.коричневый  длина 3м, ширина 5см;1;шт;271;;http://kislovodsk.batyanya.ru/upload/products/efeb13e24daebfa4f00cca2609627a37.jpg;
;00001405;Лента NICOBAND самок. герметиз.серебристый  длина 3м, ширина 10см;1;шт;271;;http://kislovodsk.batyanya.ru/upload/products/efeb13e24daebfa4f00cca2609627a37.jpg;
;w00000716;Мастика ТехноНиколь битумно-резиновая AquaMast ;;;; ТехноНиколь;http://angio.com.ua/files/angio/reg_images/3_litra_krovlya.jpg;
w00000716;00000716;;20;кг;1340;;;
w00000716;00000714;;3;кг;240;;;
;00001454;Мастика ТехноНиколь для ремонта AquaMast ;3;кг;255; ТехноНиколь;http://angio.com.ua/files/angio/reg_images/18_l_remont_1.jpg;
;00001397;Мастика ТехноНиколь кровельная №21 ;20;кг;2370; ТехноНиколь;http://tdmedian.ru/stroy/wp-content/uploads/sites/6/2016/07/Mastika-krovelnaya-21-Tehnomast-TEHNONIKOL.jpg;
;00001399;Отсечная гидроизоляция ТехноНиколь 400*20 п.м;1;уп;850; ТехноНиколь;http://www.rulakie.ru/upload/medialibrary/b6a/b6a62e79a9da5f2985f8863d74edb181.png;
;00001400;Отсечная гидроизоляция ТехноНиколь 600*20 п.м;1;уп;1020; ТехноНиколь;http://www.rulakie.ru/upload/medialibrary/b6a/b6a62e79a9da5f2985f8863d74edb181.png;
;00000177;Рубероид Самара РКК 350 (10м);1;рул;350;;http://sb.donbg.ru/upload/shop_3/2/0/5/item_2050/small_shop_items_catalog_image2050.png;
;00000178;Рубероид Самара РПП 300 (15м);1;рул;250;;http://sb.donbg.ru/upload/shop_3/2/0/5/item_2050/small_shop_items_catalog_image2050.png;
;00000060;Рубероид ТехноНИКОЛЬ РКП-350 (о) (15м2);1;рул;325; ТехноНиколь;http://n-dom.com/upload/iblock/fa1/fa1fb92d48219565be3b1addf78c008b.jpeg;
;00000061;Рубероид ТехноНИКОЛЬ РПП-300 (о) (15м2);1;рул;250; ТехноНиколь;http://n-dom.com/upload/iblock/fa1/fa1fb92d48219565be3b1addf78c008b.jpeg;
;00000949;Стеклоизол ТехноНиколь ТКП 3,5 сланец серый (10м2);1;рул;570; ТехноНиколь;;
;00001316;Стеклоизол ТехноНиколь ТКП 3,5 стеклоткань сланец серый(9м2);1;рул;550; ТехноНиколь;http://kislovodsk.batyanya.ru/upload/products/3171a79ccda4d89ca19d05638a8dbe7e.jpg;
;00001317;Стеклоизол ТехноНиколь ТПП 2,1 стеклоткань(9м2);1;рул;450; ТехноНиколь;http://kislovodsk.batyanya.ru/upload/products/3171a79ccda4d89ca19d05638a8dbe7e.jpg;
;00000268;Стеклоизол ТехноНиколь ТПП 2,5 стеклоткань (10м2) ;1;рул;550; ТехноНиколь;http://kislovodsk.batyanya.ru/upload/products/3171a79ccda4d89ca19d05638a8dbe7e.jpg;
;00000442;Стеклоизол ТехноНиколь ТПП 3.0 стеклоткань (10м2) ;1;рул;655; ТехноНиколь;http://kislovodsk.batyanya.ru/upload/products/3171a79ccda4d89ca19d05638a8dbe7e.jpg;
;00001318;Стеклоизол ТехноНиколь ХКП 3,5 стеклохолст сланец серый(9м2);1;рул;440; ТехноНиколь;http://kislovodsk.batyanya.ru/upload/products/3171a79ccda4d89ca19d05638a8dbe7e.jpg;
;00000269;Стеклоизол ТехноНиколь ХПП 2,5 холст (10м2) ;1;рул;445; ТехноНиколь;http://kislovodsk.batyanya.ru/upload/products/3171a79ccda4d89ca19d05638a8dbe7e.jpg;
;00000441;Стеклоизол ТехноНиколь ХПП 3,0 холст (10м2) ;1;рул;805; ТехноНиколь;http://kislovodsk.batyanya.ru/upload/products/3171a79ccda4d89ca19d05638a8dbe7e.jpg;
;00001270;Стеклохолст (паутинка) 1м*50м 25г/кв.м;1;рул;500; ТехноНиколь;http://kislovodsk.batyanya.ru/upload/products/3171a79ccda4d89ca19d05638a8dbe7e.jpg;
;00000844;Стеклохолст (паутинка) 1м*50м 40г/кв.м;1;рул;560; ТехноНиколь;http://kislovodsk.batyanya.ru/upload/products/3171a79ccda4d89ca19d05638a8dbe7e.jpg;
;00000444;Техноэласт ТехноНИКОЛЬ  ЭКП сланец серый (10м2);1;рул;1900; ТехноНиколь;http://gkgf.ru/upload/iblock/4fc/4fcb936db4467e6df4c28133004f55c0.png;
;00001423;Унифлекс ТПП (10м2) стеклоткань 2,8 ТехноНтколь;1;рул;1256; ТехноНиколь;http://www.stimeksgroup.ru/upload/iblock/223/22348a53d25792764b2f32d92bb58ee1.jpg;
;00001439;ДВП 2745*1700*3,2 (4,67м2);1;шт;260;;http://gkimex.ru/images/goods/variations/500x500/1455545767_417.jpg;
;00000424;Плита OSB-3 2500*1250*9 (3,125м2) Калевала;1;шт;500;;http://expark-kazan.ru/upload/cat_goods/492/img/osb_3_kazan-full.jpg;
;00001129;Фанера бер 8 мм 4/4 1525*1525  нешлифованная;1;шт;380;;http://img.info-24.ru/good/34392/1001804317.jpg;
;00000286;ЦСП 2700*1200*12 мм ;1;шт;829;;http://sibzhilstro.alloy.ru/media/images/2012/09/14/big/d5d06fd7-683b-4a11-8efa-fefdd3781945.jpeg;
;00001131;ЦСП 3200*1250*10 мм;1;шт;735;;http://sibzhilstro.alloy.ru/media/images/2012/09/14/big/d5d06fd7-683b-4a11-8efa-fefdd3781945.jpeg;
;00000288;ЦСП 3200*1250*12 мм ;1;шт;829;;http://sibzhilstro.alloy.ru/media/images/2012/09/14/big/d5d06fd7-683b-4a11-8efa-fefdd3781945.jpeg;
;00000510;Атмосфера D 60м2 гидроизоляция;1;рул;602;;;
;00000508;Атмосфера А 60м2 втро/влагазащита;1;м2;1275;;;
;00000509;Атмосфера В 60м2 пароизоляция;1;рул;430;;;
;00001313;Гидроизоляция ТехноНиколь пола (7,5 п.м);1;рул;; ТехноНиколь;http://lrsk.ru/image/cache/catalog/technoelast/gidropol-800x800.png;
;00001314;Гидроизоляция ТехноНиколь фундамента(10 п.м) безосновный;1;рул;; ТехноНиколь;http://www.bafus.ru/image/240x240/100060428.png;
;00000839;Еврокрон D 70м2;1;рул;950;;https://static-eu.insales.ru/images/products/1/7861/86785717/large_1%D0%B5%D0%B2%D1%80%D0%BE%D0%BA%D1%80%D0%BE%D0%BD.jpg;
;00000281;Еврокрон А 60м2;1;рул;770;;https://static-eu.insales.ru/images/products/1/7861/86785717/large_1%D0%B5%D0%B2%D1%80%D0%BE%D0%BA%D1%80%D0%BE%D0%BD.jpg;
;00000282;Еврокрон В 60м2;1;рул;840;;https://static-eu.insales.ru/images/products/1/7861/86785717/large_1%D0%B5%D0%B2%D1%80%D0%BE%D0%BA%D1%80%D0%BE%D0%BD.jpg;
;00000283;Еврокрон С 60м2;1;рул;780;;https://static-eu.insales.ru/images/products/1/7861/86785717/large_1%D0%B5%D0%B2%D1%80%D0%BE%D0%BA%D1%80%D0%BE%D0%BD.jpg;
;00000285;Изолайк FB 60м2;1;рул;720;;https://ininterior.ru/img/aHR0cDovL3d3dy5naXBvc3Ryb3kucnUvcGRpci9jYXRhbG9nLzU4MDQxNTFhODdkYWIwMGIwZS5qcGc=.jpg;
;00000429;ИЗОСПАН AQ proff 70м2;1;рул;4900;Изоспан;http://kbgsurgut.info/image/cache/catalog/images/Hydroisol/552_%D0%9A%D0%91019021-500x500.jpg;
;00000046;ИЗОСПАН D (43.750*1,6) 70м2 гидроизоляция;1;рул;1650;Изоспан;http://top-doska.ru/upload/normal/moskva-prodazha_paro-gidroizolyaciyu_so_sklada_v_moskve__14917.png;
;00000279;ИЗОСПАН D 35м2 гидроизоляция;1;рул;886;Изоспан;http://top-doska.ru/upload/normal/moskva-prodazha_paro-gidroizolyaciyu_so_sklada_v_moskve__14917.png;
;00000264;ИЗОСПАН FB (35м2);1;рул;1300;Изоспан;http://top-doska.ru/upload/normal/moskva-prodazha_paro-gidroizolyaciyu_so_sklada_v_moskve__14917.png;
;00000047;ИЗОСПАН FL скотч металл. 50*50;1;рул;107;Изоспан;http://ventag66.ru/content_files/cms/img/imgbig_12711.jpg;
;00000043;ИЗОСПАН А (43,75*1,6) 70м2 ветро/влагозащита;1;рул;1285;Изоспан;http://static.vellmart.net/images/items/0019522-1.jpg;
;00000048;ИЗОСПАН В (43.750*1,6) 70м2 пароизоляция;1;рул;898;Изоспан;http://static.vellmart.net/images/items/0019522-1.jpg;
;00000280;ИЗОСПАН В 35м2 пароизоляция;1;рул;935;Изоспан;http://static.vellmart.net/images/items/0019522-1.jpg;
;00000049;СПАНЛАЙТ А (37.50*1,6) 60м2 ветро/влагозащита;1;рул;653;;http://static.vellmart.net/images/items/0019522-1.jpg;
;00000265;СПАНЛАЙТ АМ (37,5*1,60) 60м2 ветро/влагозащита;1;рул;1190;;http://static.vellmart.net/images/items/0019522-1.jpg;
;00000450;УРСА Seco AM 60 м2 мембрана;1;рул;2320;URSA;http://ltbaza.ru/logo/thumb.php?id=29742.jpg;
;00000170;УРСА Seco D 60 м2 гидроизоляция;1;рул;1183;URSA;http://chel.krov-izol.ru/uploadedFiles/eshopimages/big/SECO_B.jpg;
;00000518;УРСА Seco В 60 м2 гидроизоляция;1;рул;1183;URSA;http://chel.krov-izol.ru/uploadedFiles/eshopimages/big/SECO_B.jpg;
;00000476;Адаптер Клик Фикс;1;шт;380;;;
;00000356;Герметик Профиль акриловый ;280;мл;54;;http://st23.stpulscen.ru/images/product/095/510/827_big.jpg;
;w00000357;Герметик Профиль санитарный силикон;;;;;http://sovsm.ru/wp-content/uploads/2015/10/%D1%81%D0%B5%D0%BB%D0%B8%D0%BA%D0%BE%D0%BD%D0%BE%D0%B2%D1%8B%D0%B9-%D0%B3%D0%B5%D1%80%D0%BC%D0%B5%D1%82%D0%B8%D0%BA.jpg;
w00000357;00000357;;280;мл;74;;;белый
w00000357;00000358;;280;мл;82;;;прозрачный
;00000159;Герметик Соудал Аквафикс бесцветный для кров. работ ;310;мл;245;soudal;http://s-be.ru/upload/iblock/3ae/3ae8b6d16df41f9affdde2cf77a418ed.jpg;
;00000080;Герметик Соудал акриловый окрашиваемый белый ;300;мл;73;soudal;http://prosvet19.ru/images/catalog/17/b-16694-germetik_soudal_akril_okrashivaemyiy_belyiy_03l.jpg;
;00000097;Герметик Соудал битумный кровельный;300;мл;147;soudal;http://vseprigoditsya.ru/image/cache/data/121004-500x500.jpg;
;00000081;Герметик Соудал Моментальный Акриловый белый  ;300;мл;95;soudal;http://st14.stpulscen.ru/images/product/077/665/523_big.jpg;
;w00000256;Герметик Соудал паркет ;;;;soudal;http://vashstroysnab.ru/image/cache/data/pena-germetik-klei/soudal_klen-310x310.jpg;
w00000256;00000256;;300;мл;114;;;дуб
w00000256;00000257;;300;мл;119;;;мербау
w00000256;00000258;;300;мл;135;;;сосна
;;Герметик Соудал сан. нейтральный ;;;;soudal;http://sovsm.ru/wp-content/uploads/2015/10/%D1%81%D0%BE%D1%83%D0%B4%D0%B0%D0%BB-%D0%BD%D0%B5%D0%B9%D1%82%D1%80%D0%B0%D0%BB%D1%8C%D0%BD%D1%8B%D0%B9-%D1%81%D0%B8%D0%BB%D0%B8%D0%BA%D0%BE%D0%BD.jpg;
;00000350;;300;мл;270;;;белый
;00000351;;300;мл;140;;;прозрачный
;00000078;Герметик Соудал санитарный силикон белый 300мл;300;мл;180;soudal;http://ccmkirov.ru/upload/iblock/0f5/germetik_silikonovyj_sanitarnyj_soudal_belyj_300_ml.jpg;
;00001186;Герметик Соудал санитарный силикон белый  60мл ;60;мл;90;soudal;http://vseprigoditsya.ru/image/cache/data/760067-500x500.jpg;
;00000565;Герметик Соудал Силируб AQ аквариумный  ;310;мл;273;soudal;http://www.izotep-plus.ru/wp-content/uploads/2016/07/71552bad-0073-11e6-bac6-7824af3d203f_71552baf-0073-11e6-bac6-7824af3d203f.jpeg;
;w00000352;Герметик Соудал универ.силикон;;;;soudal;;
w00000352;00000352;;300;мл;123;soudal;;белый
w00000352;00000260;;300;мл;150;soudal;;коричневый
w00000352;00000259;;300;мл;165;soudal;;серый
w00000352;00000261;;300;мл;165;soudal;;черный
w00000352;00000077;;300;мл;150;soudal;;прозрачный
;00000157;Клей Соудал T-REX быстросохнущий ;380;мл;210;soudal;http://resize.stroyvitrina.ru/dz0zMDAmaD0zMDEmaT1odHRwOi8vd3d3LnN0cm95dml0cmluYS5ydS91c2Vyc25ld3MvNS0yMDY2NC5qcGc=.jpg;
;00000156;Клей Соудал T-REX моментальная схватываемость ;380;мл;187;soudal;http://resize.stroyvitrina.ru/dz0zMDAmaD0zMDEmaT1odHRwOi8vd3d3LnN0cm95dml0cmluYS5ydS91c2Vyc25ld3MvNS0yMDY2NC5qcGc=.jpg;
;00000158;Клей Соудал T-REX прозрачный;380;мл;167;soudal;http://st.brandart.ru/sl/27165/27727/713639.jpg;
;00000402;Клей Соудал для зеркал 47 А ;300;мл;153;soudal;http://www.stroykasm-promo.ru/published/publicdata/FLOCKWEBASYST/attachments/SC/products_pictures/bh_enl.jpg;
;00000403;Клей Соудал для стеновых панелей 48 А ;300;мл;124;soudal;http://titmart.ru/img/p/3/5/9/359-large_default.jpg;
;00000160;Клей Соудал Монтаж Фикс ;300;мл;138;soudal;http://sarov-gts.ru/image/cache/data/15475_941365113c1393cdf82a66e8c8f38576-500x500.png;
;00000174;Клей Соудал полиуретановый EASY 750мл. GUN;750;мл;320;soudal;http://asfaltovaja-kroshka.ru/images1/575fbc9e63ef5.png;
;00000095;Клей Соудал полиуретановый EASY 750мл. аэрозоль ;750;мл;311;soudal;http://asfaltovaja-kroshka.ru/images1/575fbc9e63ef5.png;
;00000639;Клей Соудал Пурокол ;310;мл;235;soudal;http://www.gorsev.com.tr/ProductImages/105163/big/29924pr1297502855.jpg;
;00001023;Клей-пена ТехноНиколь для пенополистерола ;750;мл;418; ТехноНиколь;http://rs66.ru/content/catalog/goods/s_7173e038a1258ed746bcf4d34d6a50fd1646.jpg;
;00000098;Очиститель для пистолета Соудал ;500;мл;254;soudal;http://akson.ru/upload/resize_cache/ctpi/f7/f7c0e3b1573f18e3295c1008675cabae/1000x1000.jpg;
;00001188;Пена монт. Профиль 65 пистолетная;820;мл;202;;http://stroybat21.ru/sites/default/newfiles/imagecache/product_full/7a051fe84d5911e5a7a808606e440979_719f43af4fe611e5a7a808606e440979.jpg;
;00000355;Пена монт. Профиль ручная ;625;мл;163;;http://atlantkrovlya.ru/wp-content/uploads/atlantkrovlyaPenaMontazhnayaSoudalProfilBytovajaZimnjaja-500x500.jpg;
;00000073;Пена монт. Соудал 45 ручная ;750;мл;254;soudal;http://vseprigoditsya.ru/image/cache/data/759026-500x500.jpg;
;00000074;Пена монт. Соудал 50 Желтая  пистолетная;750;мл;315;soudal;http://ogo1.ru/upload/iblock/326/3260f4f3a9c3445f55aa6f74c83e6b22.jpeg;
;00000454;Пена монт. Соудал 50 Желтая зимняя пистолетная;750;мл;315;soudal;http://sator-ufa.ru/image/cache/data/pena%20pistoletnya-500x500.png;
;00000353;Пена монт. Соудал 50 КликФикс  пистолетная;750;мл;199;soudal;http://optovik62.ru/userfiles/catalog/montazhnaya-pena/soudalstandart.png;
;00000262;Пена монт. Соудал пистолетная с низким расширен ;750;мл;290;soudal;http://optovik62.ru/userfiles/catalog/montazhnaya-pena/soudalstandart.png;
;00000389;Пена монт. Соудафоам Огнестойкая пистолетная ;870;мл;700;soudal;http://midaspm.ru/image/cache/data/30490_1-700x700.jpg;
;00000075;Пена монт. Соудафоам Профессионал. 60 пистолетная ;750;мл;370;soudal;http://st21.stpulscen.ru/images/product/090/490/140_big.jpg;
;00000475;Пена монт. Соудафоам Профессионал. 60 пистолетная зимняя  ;750;мл;400;soudal;http://st21.stpulscen.ru/images/product/090/490/140_big.jpg;
;00000369;Плита Эверест 0,36м2 (8,64м2/кор);1;шт;60;;http://21.img.avito.st/640x480/1679908321.jpg;
;00000528;Подвес Альфа 0,2+0,2м (100шт);1;шт;29;;http://stroydvor.su/wa-data/public/shop/products/54/08/854/images/1118/1118.750x0.gif;
;00000343;Подвес Альфа 0,5м (100шт);1;шт;10;;http://www.stroyvsurgute.ru/uploads/product/211900/211943/0f435b87-d2b9-11e4-9580-bcaec55dd2a6_fa947da9-56c4-11e5-9f17-b870f4790d4a.jpeg;
;00000377;Подвес Альфа 1м (100шт);1;шт;15;;http://ltbaza.ru/logo/29781.jpg;
;00000342;ПУ-профиль PL 19*19 белый L-3м;1;шт;12;;;
;00000339;"Т-профиль ""Албес"" 24 Норма белый L-0.6м (90шт)";1;шт;18;;http://www.stolichni.ru/upload/tovar/variants/1/9/9/199d9d393e34ced3e92aa251b0699.jpg;
;00000340;"Т-профиль ""Албес"" 24 Норма белый L-1,2м (60шт)";1;шт;18;;http://www.stolichni.ru/upload/tovar/variants/1/9/9/199d9d393e34ced3e92aa251b0699.jpg;
;00000341;"Т-профиль ""Албес"" 24 Норма белый L-3,7м (20шт)";1;шт;18;;http://www.stolichni.ru/upload/tovar/variants/1/9/9/199d9d393e34ced3e92aa251b0699.jpg;
;00000443;Праймер ТехноНИКОЛЬ битумный №01;20;л;1570; ТехноНиколь;http://emmeline.ru/images1/56f33f782bd70.png;
;00000276;Подвес прямой Кнауф;1;шт;7;Knauf;http://krep66.ru/uploadedFiles/eshopimages/big/Podves_pryamoy_3.jpg;
;00000272;Подвес прямой Эконом;1;шт;4;;http://krep66.ru/uploadedFiles/eshopimages/big/Podves_pryamoy_3.jpg;
;00000242;Профиль  10*23 (ПМ) Эконом ;1;шт;27;;http://www.dvresurs.ru/include/9fe31b614aef4fbce9cfb03fa22a644c.png;
;00000243;Профиль  6*22 (ПМ) Эконом ;1;шт;20;;http://www.stm32.ru/upload/iblock/079/079de1fd4b38250b3d14a900827decd2.png;
;00000270;Профиль (ПУ) оцинкованный 25*25 ;1;шт;33;;http://s3.stroikaural.ru/goods_1648757_0_1473754509_1024x1024_crop.jpg;
;00000966;Профиль (ПУ) оцинкованный Эконом ;1;шт;28;;http://s3.stroikaural.ru/goods_1648757_0_1473754509_1024x1024_crop.jpg;
;00000870;Профиль 100*40 (ПН) 3м;1;шт;107;;http://www.stroykakrasnodar.ru/uploads/posts/2015-03/1426966803_0.jpg;
;00000406;"Профиль 100*50 (ПС) (8шт/200шт;0,42) 3м";1;шт;115;;http://inter-t.ru/uploadedFiles/eshopimages/big/22705______.jpg;
;00000710;"Профиль 28*27 (ПН) (18шт/936шт; 3000*28*27*0,6)3м.";1;шт;50;;http://pk.all-gorod.ru/image/goods/9e/9e037667138adca12fcbab45ef97958c.jpg;
;00000122;"Профиль 28*27 (ПН) (18шт/936шт;0,42) 3м.";1;шт;55;;http://pk.all-gorod.ru/image/goods/9e/9e037667138adca12fcbab45ef97958c.jpg;
;00001346;"Профиль 28*27 (ПН) (18шт/936шт;0,45) 3м.";1;шт;55;;http://pk.all-gorod.ru/image/goods/9e/9e037667138adca12fcbab45ef97958c.jpg;
;00000123;"Профиль 50*40 (ПН) (12шт/420шт;0,42) 3м.";1;шт;88;;http://pk.all-gorod.ru/image/goods/9e/9e037667138adca12fcbab45ef97958c.jpg;
;00000124;"Профиль 50*50 (ПС) (12шт/420шт;0,42) 3м.";1;шт;109;;http://saratov.all-gorod.ru/image/goods/45/45540ff7c3b6e3ca8b1f76b4a1d52743.jpg;
;00001458;"Профиль 60*27 (ПП) (12шт/576шт;0,35) 3м.";1;шт;85;;http://www.tsb-msk.ru/media/zoo/images/60x27_809f7b1c9387090c42bcc92a729018fb.jpg;
;00000121;"Профиль 60*27 (ПП) (12шт/576шт;0,42) 3м.";1;шт;85;;http://www.tsb-msk.ru/media/zoo/images/60x27_809f7b1c9387090c42bcc92a729018fb.jpg;
;00001268;"Профиль 60*27 (ПП) (12шт/576шт;0,45) 3м.";1;шт;105;;http://www.tsb-msk.ru/media/zoo/images/60x27_809f7b1c9387090c42bcc92a729018fb.jpg;
;00000711;"Профиль 60*27 (ПП) (12шт/576шт;3000*60*27*0,6) 3м.";1;шт;105;;http://www.tsb-msk.ru/media/zoo/images/60x27_809f7b1c9387090c42bcc92a729018fb.jpg;
;00001155;Профиль 75*40 (ПН) (12шт) 0,45 3м.;1;шт;107;;http://pk.all-gorod.ru/image/goods/9e/9e037667138adca12fcbab45ef97958c.jpg;
;00001027;Профиль КНАУФ 100*40(ПН)(8шт\80)3м;1;шт;220;Knauf;http://pk.all-gorod.ru/image/goods/9e/9e037667138adca12fcbab45ef97958c.jpg;
;00001046;Профиль КНАУФ 100*50(ПС) 3м;1;шт;230;Knauf;http://petrovichclub.ru/docs/baku/images/6fbf5-ad51-11e4-afe5-00259036a192_1000x0_1.jpg;
;00000387;Профиль КНАУФ 28*27 ПП (16/336) 3м.;1;шт;97;Knauf;http://uralint.ru/data/thumbs/data/moduleImages/Catalog/39733/8ddc356cd61bed888da44dbbab09a86d.jpg800x800.jpg;
;00000456;Профиль КНАУФ 50*40 ПН (8/160) 3м.;1;шт;161;Knauf;http://kp-23.com/image/cache/data/50x40-500x500.jpg;
;00000789;Профиль КНАУФ 50*50 ПС (8/128) 3м.;1;шт;170;Knauf;http://petrovichclub.ru/docs/baku/images/6fbf5-ad51-11e4-afe5-00259036a192_1000x0_1.jpg;
;00000386;Профиль КНАУФ 60*27 ПП (12/180) 3м.;1;шт;140;Knauf;http://uralint.ru/data/thumbs/data/moduleImages/Catalog/39733/8ddc356cd61bed888da44dbbab09a86d.jpg800x800.jpg;
;00000529;Профиль КНАУФ 75*40 ПН (8/120) 3м.;1;шт;190;Knauf;http://kp-23.com/image/cache/data/50x40-500x500.jpg;
;00000530;Профиль КНАУФ 75*50 ПН (8/120) 3м.;1;шт;199;Knauf;http://kp-23.com/image/cache/data/50x40-500x500.jpg;
;00000931;Профиль примыкания оконный с стеклосеткой 6мм 2,4м;1;шт;55;;http://ceresit.ua/assets/easyimage/7/7b4b7d44244695031e0d98104b059209.jpg;
;00001089;Соединитель 1-уровн. (краб) Кнауф ;1;шт;14;;http://stroybigmag.ru/pictures/product/big/10353_big.jpg;
;00000271;Соединитель 1-уровн. (краб) Эконом ;1;шт;9;;http://stroybigmag.ru/pictures/product/big/10353_big.jpg;
;00001047;Лента ДИХТУНСБАНД 50мм*30м;1;шт;150;;http://st23.stpulscen.ru/images/product/095/872/582_big.gif;
;00000873;Лента малярная ZOOM 48ммх45м;1;шт;120;;http://ktl.by/uploads/image/file/12426/100947.jpg;
;00001178;Лента монтажная тканевая  ZOOM 48ммх25м;1;шт;250;;http://ktl.by/uploads/image/file/12426/100947.jpg;
;00000735;Сверло-бур по бетону 6*160мм Hagwert;1;шт;120;;http://entuziast.budus.ru/uploads/bd/products/21042/z/21042_14558900422704951.jpg;
;00000874;Серпянка самоклеящаяся Х-Glass 50мм*153м;1;шт;200;;http://aliyans-stroy.ru/upload/iblock/e00/e009e8c51de1876c1dd3d78439cfcc0c.jpeg;
;00000642;Серпянка самоклеящаяся Х-Glass 50мм*90м;1;шт;140;;http://aliyans-stroy.ru/upload/iblock/e00/e009e8c51de1876c1dd3d78439cfcc0c.jpeg;
;00001420;Финская черепица ШИНГЛАС 3,0м2/уп корич (6S4X21-1464);1;м2;230;;http://sk42.ru/image/cache/import-files-14-1492306a-3725-11e5-ae64-000c29984fcd-1492306f-3725-11e5-ae64-000c29984fcd-500x500.jpeg;
;00001421;Черепица Шинглас РАНЧО корич 4D4*21-0152;1;м2;240;;http://atlantkrovlya.ru/wp-content/uploads/atlantkrovlya_rancho_broun.jpg;
w00000531;w00000531;"Затирка ""Cerezit"" ";;;;Cerezit;https://doka38.ru/image/cache/import_files/81/81811438-adde-11e0-b604-001bfcd3f18a_3cff8e3d-52b6-11e5-a5d5-000c2914e610-1000x750.jpeg;
w00000531;00000531;;2;кг;140;;;бежевая
w00000531;00000115;;2;кг;140;;;белая
w00000531;00000525;;2;кг;140;;;какао
w00000531;00000533;;2;кг;140;;;карамель
w00000531;00000535;;2;кг;140;;;натура
w00000531;00000534;;2;кг;140;;;розовая
w00000531;00000532;;2;кг;140;;;серебр-серый
w00000531;00000524;;2;кг;140;;;темно-коричневый
w00000531;00001136;;2;кг;140;;;антрацит
w00000531;00001138;;2;кг;140;;;графит
w00000531;00001139;;2;кг;140;;;жасмин
w00000531;00001142;;2;кг;140;;;кирпич
w00000531;00000923;;2;кг;140;;;манхеттен
w00000531;00001147;;2;кг;140;;;св. корич
w00000531;00000922;;2;кг;140;;; сиена
;;;;;;;;
;00000695;"Затирка ""Юнис"" АкваСтоп белая 2кг (ведро)";2;;198;Unis;;
;w00000696;"Затирка ""Юнис"" ";;;;Unis;http://br67.ru/upload/iblock/c3a/c3a4809adef6b044904e3a6bce86e71c.jpeg;
w00000696;00000696;;2;кг;125;;;бежевая
w00000696;00000111;;2;кг;125;;;белая
w00000696;00000697;;2;кг;125;;;голубая
w00000696;00000698;;2;кг;125;;;зеленая
w00000696;00000699;;2;кг;125;;;коричневая
w00000696;00000700;;2;кг;125;;;кремовая
w00000696;00000701;;2;кг;125;;;розовая
w00000696;00000694;;2;кг;125;;;св-серая 
w00000696;00000113;;2;кг;125;;;серая
w00000696;00000702;;2;кг;125;;;слоновая кость
w00000696;00000703;;2;кг;125;;;терракотовая
;00000188;"Клей ВОЛМА ""Мультиклей"" 25кг";25;кг;276;Волма;http://ism-mos.ru/images/volma/klej-multiklej.jpg;
;00000478;"Клей ВОЛМА монтажный ""Блок морозостойкий""  25кг";25;кг;200;Волма;http://vashstroysnab.ru/image/cache/data/suhiesmesi/cement%20i%20smesi/volma_blok_25kg-500x500.png;
;00000125;"Клей ВОЛМА монтажный ""Блок"" 25кг";25;кг;240;Волма;https://0.cs-ellpic.yandex.net/market_y7anwDDLuM2WimIBJSenRg_600x600.jpg;
;00000126;"Клей ВОЛМА плиточный ""Интерьер"" 25кг";25;кг;190;Волма;http://xn--80akhjiknedki.xn--p1ai/175-thickbox_default/plitochnyj-klej-volma-interer-25-kg.jpg;
;00000127;"Клей ВОЛМА плиточный ""Керамик плюс"" 25кг";25;кг;250;Волма;http://tdfarfor.ru/images/stories/virtuemart/product/f0000002997_1.jpg;
;00000128;"Клей ВОЛМА плиточный ""Керамик"" 25кг";25;кг;201;Волма;http://xn----8sbgxchzgkefhf.xn--p1ai/pictures/product/big/4599_big.jpg;
;00000469;Клей КНАУФ гипс. монт. ПЕРЛФИКС 30кг;30;кг;310;Knauf;http://stenamaster.ru/wp-content/uploads/2016/06/klej-dlja-gipsokartona-2.jpg;
;00000467;Клей КНАУФ плиточный ФЛИЗЕН 25кг;25;кг;303;Knauf;http://gros-stroi.ru/images/stat/klplit.jpg;
;00000361;Клей ЮНИС  Белфикс плиточный 25 кг ;25;кг;520;Unis;http://kupit-stroymaterialy-optom.ru/6210-large_default/plitochnyy-kley-unis-belfiks.jpg;
;00000235;Клей ЮНИС  Белфикс плиточный 5 кг;5;кг;120;Unis;http://kupit-stroymaterialy-optom.ru/6210-large_default/plitochnyy-kley-unis-belfiks.jpg;
;00000017;Клей ЮНИС  ХХI плиточный 25кг;25;кг;205;Unis;http://kentavrshop.ru/image/cache/data/tovar/unis/xxi-800x800.gif;
;00000018;Клей ЮНИС  ХХI плиточный 5кг;5;кг;69;Unis;http://www.stm32.ru/upload/iblock/5c0/5c058c054c119c7a08d22d3f58f37e81.png;
;00000019;Клей ЮНИС 2000 плиточный 25к;25;кг;244;Unis;http://tk-karavanrf.alloy.ru/media/images/2012/07/21/big/6d8dc4933cd6f54e059bb23d0c7b9eef.jpeg;
;00000020;Клей ЮНИС 2000 плиточный 5к;5;кг;98;Unis;http://www.mosnab.ru/uploads/goods/42134.jpg;
;00000346;Клей ЮНИС армирование ТЕПЛОКЛЕЙ 25кг;25;кг;436;Unis;http://magazin-stroy.ru/photos/p7211.jpg;
;00000023;Клей ЮНИС ГРАНИТ плиточный 25кг;25;кг;517;Unis;http://www.mosnab.ru/uploads/goods/42133.jpg;
;00000022;Клей ЮНИС ПЛЮС плиточный 25кг;25;кг;340;Unis;http://darus.ru/wa-data/public/shop/products/29/00/29/images/31/31.400.jpg;
;00000021;Клей ЮНИС ПЛЮС плиточный 5кг;5;кг;118;Unis;http://www.filtrakt.ru/photo/foto_79345558.jpg;
;00000196;"Пол ВОЛМА наливной быстротв. ""Нивелир Экспресс"" 20 кг ";20;кг;268;Волма;http://buildbazar.ru/products_pictures/large_f44e28ee280685176c6334daa13a851f.png;
;00000376;Пол ВОЛМА наливной Ровнитель грубый 25 кг ;25;кг;205;Волма;http://otvanta.ru/components/com_jshopping/files/img_products/full_9d7_2-2.jpg;
;00001307;Грубый ровнитель для пола Юнис 25кг ;25;кг;184;Unis;http://stroymatdostavka.ru/image/cache/catalog/demo/product/UNIS/23-500x500.png;
;00000026;Пол ЮНИС наливн. ГОРИЗОНТ универс. 20кг ;20;кг;230;Unis;http://knaufdom.ru/image/cache/data/naliv_pol/unis_gorizont_universalniy-650x489.jpg;
;00000526;Алебастр белый Г-4 2кг;2;кг;25;;http://akson.ru/upload/resize_cache/ctpi/ea/eac5eeae0ef12e6b4c377e1082efeb78/1000x1000.jpg;
;00001005;Гипс Волма Алебастр 5кг;5;кг;60;Волма;http://arshin48.ru/upload/iblock/4b5/gips_ctroitelnyy_volma_gips_5_kg_.jpg;
;00000034;Мел ЮНИС 5кг;5;кг;80;Unis;http://hsi.ru/components/com_jshopping/files/img_products/bd6682271b025e413ab0783f25493c44.jpg;
;00001216;Смесь М150 цем\пес 2кг;3;кг;30;;;
;00000210;Смесь сухая СМ999 кладочная М-150 25кг;25;кг;102;;http://titanst.ru/upload/iblock/31e/31e0c6642647874bd79f5513265f27ae.jpeg;
;00000567;Смесь сухая СМ999 кладочная М-150 40кг;40;кг;141;;http://formmat.ru/upload/shop_3/1/8/9/item_189/shop_items_catalog_image189.png;
;00000209;Смесь сухая СМ999 М-300 25кг;25;кг;113;;http://keramix-oskol.ru/upload/iblock/ed4/ed4b3caa7870d22f3ceb9b4cffd167ed.jpeg;
;00000862;Смесь сухая СМ999 М-300 40кг;40;кг;158;;http://keramix-oskol.ru/upload/iblock/ed4/ed4b3caa7870d22f3ceb9b4cffd167ed.jpeg;
;00000207;Смесь сухая СМ999 строит. для блоков 25кг;25;кг;141;;http://st28.stpulscen.ru/images/product/105/309/447_big.jpeg;
;00000208;Смесь сухая СМ999 универс. кладочно-штукатурная 25кг;25;кг;77;;http://titanst.ru/upload/iblock/31e/31e0c6642647874bd79f5513265f27ae.jpeg;
;00000002;Цемент CЕМ II 42,5Н (ТУ 500 Д20) (Подгорное ВОРОНЕЖ);50;кг;266;;http://przabor.ru/sites/default/files/tsement.jpg;
;00000029;Цемент ЮНИС серый 5кг;5;кг;92;;"http://img.stroikaural.ru/?url=usr/10519/goods_1640102_0.gif;432;432;crop";
;00001004;Шпаклёвка Волма Аквастандарт светлая цементная 22кг ;22;кг;330;Волма;http://stroymarket67.ru/upload/iblock/bee/%D0%B0%D0%BA%D0%B2%D0%B0%D1%81%D1%82%D0%B0%D0%BD%D0%B4%D0%B0%D1%80%D1%82%20%D1%81%D0%B2%D0%B5%D1%82%D0%BB%D1%8B%D0%B9.jpg;
;00000425;Шпаклёвка Волма Аквастандарт цементная 22кг ;22;кг;300;Волма;http://gvzd.ru/img/product/volma_baza.jpg;
;00000405;Шпаклёвка Волма Стандарт 25кг ;25;кг;307;Волма;http://st16.stpulscen.ru/images/product/080/339/969_big.jpg;
;00000194;Шпаклёвка Волма Унишов гипсовая 25кг ;25;кг;557;Волма;http://akson.ru/upload/resize_cache/ctpi/4f/4fba1fc15d9cb466d6b328309851c723/1000x1000.jpg;
;00000685;Шпаклёвка Волма Унишов гипсовая 5кг ;5;кг;207;Волма;http://metrika.ru/upload/iblock/a23/a2356cee18452a99fa3e91eaf9be3e9b.jpg;
;00000085;Шпаклёвка Волма Финиш гипсовая 15кг ;15;кг;310;Волма;http://www.xn----ftbtrkcak.xn--p1ai/upload/iblock/fe8/fe87fe06acc550d73210984f9652f04f.jpg;
;00000086;Шпаклёвка Волма Финиш гипсовая 25кг ;25;кг;410;Волма;http://st23.stpulscen.ru/images/product/095/496/704_big.jpg;
;00000084;Шпаклёвка Волма Финиш гипсовая 5кг ;5;кг;148;Волма;http://2412345.ru/files/products/%2Fimage%2F2%2F64%2F26439_350x350.jpg?f5f549b90fa9672a9f9b5046225fa6eb;
;00000087;Шпаклёвка Волма Шов гипсовая 15кг ;15;кг;241;Волма;http://pssk-sar.ru/upload/shop_1/7/1/4/item_714/shop_items_catalog_image714.jpg;
;00000088;Шпаклёвка Волма Шов гипсовая 25кг ;25;кг;298;Волма;http://pssk-sar.ru/upload/shop_1/7/1/4/item_714/shop_items_catalog_image714.jpg;
;00001022;Шпаклевка Кнауф Полимер-Финиш 20кг;20;кг;439;Knauf;http://images.sdvor.com/sdvorcom/350x350/0/67816.jpg;
;00001130;Шпаклевка Кнауф- XП финиш;25;кг;180;Knauf;http://www.md.all.biz/img/md/catalog/113480.jpeg;
;00000564;Шпаклёвка Кнауф-ФУГЕН гипс, 25кг ;25;кг;397;Knauf;http://yohor.ru/wp-content/uploads/2015/12/4-4.jpg;
;00000165;"Шпаклёвка СТАРАТЕЛИ ""Фасадная"" 20кг";20;кг;340;Старатели;http://www.electrosvet32.ru/public/images/g696.jpg;
;00001200;"Шпаклевка ""Sheetrock"" СуперФишиш (3,5л)";3,5;л;415;Sheetrock;https://qpstroy.ru/sites/default/files/product/173.jpg;
;00000397;Шпатлевка финишная под окраску DANO TOP 9 (10л);10;л;700;;http://www.rostov-na-donu.build2last.ru/images_material/411914/shpatlevka-finishnaya-pod-okrasku-dano-top-9-10l-rostov-na-donu.jpg;
;00000597;Шпатлевка финишная под окраску DANO TOP 9 (3.5л);3,5;л;400;;http://www.rostov-na-donu.build2last.ru/images_material/411914/shpatlevka-finishnaya-pod-okrasku-dano-top-9-10l-rostov-na-donu.jpg;
;00000945;Шпаклевка Юнис LR+полимерная 18кг ;18;кг;464;Unis;http://marketloft.ru/upload/iblock/0c8/78497eac_e8b7_11e5_b936_000c293ca806_ebc3de0b_e8b8_11e5_b936_000c293ca806.jpeg;
;00001049;Шпаклевка ВТВ латексная 15кг;15;кг;163;;http://strport.ru/sites/default/files/shpatlevka_lateksnaya.jpg;
;00000274;Шпаклевка на основе ПВА ВТВ 15кг;15;кг;154;;http://belpapa.ru/images1/5761b84d9e4ac.png;
;00000557;Штукатурка ВОЛМА Аквалюкс 25кг ;25;кг;210;Волма;http://zenith-nn.ru/image/cache/data/Tovar/Stucaturka/Volma/%D0%90%D0%BA%D0%B2%D0%B0-%D0%BB%D1%8E%D0%BA%D1%81.png-500x500.jpg;
;00000426;Штукатурка ВОЛМА Аквапласт 25кг;25;кг;215;Волма;http://www.tdksm.ru/thumb/420x420xin/upload/iblock/c70/_i_i_.jpg;
;00000718;Штукатурка ВОЛМА Гипс Актив (Слой МН)  30кг;30;кг;270;Волма;http://bshlv.ru.images.1c-bitrix-cdn.ru/upload/iblock/455/4551b464e5e66809e54c8ea001ff7066.jpg?144502050438257;
;00000189;Штукатурка ВОЛМА Дача 25кг ;25;кг;166;Волма;http://strdlo.ru/wp-content/uploads/2016/05/%D0%92%D0%BE%D0%BB%D0%BC%D0%B0_%D0%B4%D0%B0%D1%87%D0%B0.jpg;
;00000558;Штукатурка ВОЛМА Люкс 25кг ;25;кг;357;Волма;http://stroymag-balashov.ru/wp-content/uploads/2016/01/%D0%A8%D1%82%D1%83%D0%BA%D0%B0%D1%82%D1%83%D1%80%D0%BA%D0%B0-%D0%92%D0%BE%D0%BB%D0%BC%D0%B0-%D0%9B%D1%8E%D0%BA%D1%81-25%D0%BA%D0%B3-%D0%B3%D0%B8%D0%BF%D1%81-1.jpg;
;00000129;Штукатурка ВОЛМА Пласт 30кг ;35;кг;267;Волма;http://titanst.ru/upload/iblock/6f9/6f9e9e935433c72fce2f0b64d96a0c59.jpeg;
;00000089;Штукатурка Волма Слой гипсовая 15кг ;15;кг;201;Волма;http://stroydvor2002.ru/components/com_jshopping/files/img_products/full_e91d356b6c8c0713590f591e92665707.jpg;
;00000090;Штукатурка Волма Слой гипсовая 30кг ;35;кг;343;Волма;http://domostroi-prim.ru/upload/iblock/37e/37eaf61276f585d1a7b3e8443cea92af.jpeg;
;00000348;Штукатурка Волма Слой гипсовая 5кг ;5;кг;89;Волма;http://samostroeff.ru/images/455edd55f8ca22671179f14d2e235d8a.jpg;
;00000458;Штукатурка КНАУФ Ротбанд гипс. 10кг.;10;кг;208;Knauf;http://stroymart96.ru/upload/resize_cache/iblock/24b/800_600_140cd750bba9870f18aada2478b24840a/24b5c3428f37f8e96c2ba16c2b331655.jpeg;
;00000135;Штукатурка КНАУФ Ротбанд гипс. 30кг.;30;кг;345;Knauf;http://welcome33.ru/files/ru/products/000/005/5439original_f64f04.jpg;
;00000193;Штукатурка ЮНИС Короед декоративная 25кг.;25;кг;443;Unis;http://smesstroy.ru/image/cache/catalog/cement_shtukaturka/11-500x500.jpg;
;00000024;Штукатурка ЮНИС ТЕПЛОН 15кг.;15;кг;194;Unis;http://www.electrosvet32.ru/public/images/g669.jpg;
;00000025;Штукатурка ЮНИС ТЕПЛОН 30кг;30;кг;315;Unis;http://lesomateriali.com/wa-data/public/shop/products/20/09/920/images/302/302.750x0.jpg;
;00001308;Штукатурка Юнис Теплон МН 30 кг;30;кг;250;Unis;http://lesomateriali.com/wa-data/public/shop/products/20/09/920/images/302/302.750x0.jpg;
;00000134;Маты URSA Лайт 6250*1200*50 (0,75м3, 15м2) 2шт;1;шт;785;URSA;http://oma.shop.by/pics/items/2.223154.jpg;
;00000540;Маты URSA М11 10000*1200*50 (1,2м3) 2шт прозр.упак.;1;шт;842;URSA;http://st14.stpulscen.ru/images/product/076/130/721_big.jpg;
;00001222;"Маты URSA М11 10000*1200*90  (1,08м3; 12м2)";1;шт;842;URSA;http://st14.stpulscen.ru/images/product/076/130/721_big.jpg;
;00000055;Маты URSA М11 9000*1200*50 (1,08м3, 21,6м2) 2шт;1;шт;1010;URSA;http://st14.stpulscen.ru/images/product/076/130/721_big.jpg;
;00000053;Маты URSA М11 МИНИ 14000*600*50 (0,42м3, 8,4м2);1;шт;527;URSA;http://shop.optorg.ru/files/upload/220/220552.jpg;
;00000054;Маты URSA М11Ф 12500*1200*50 (0,75м3, 15м2);1;шт;1578;URSA;http://vbaza.ru/userfiles/shop/large/496_ursa-maty-m-11-f-18000-1200-50-1up-108m.jpg;
;00000328;Маты URSA М11Ф 18000*1200*50 (1,08м3, 21,6м2);1;шт;2146;URSA;http://vbaza.ru/userfiles/shop/large/496_ursa-maty-m-11-f-18000-1200-50-1up-108m.jpg;
;00000334;Маты URSA Скатная Крыша 3900*1200*150 (0,702м3);1;шт;1070;URSA;http://stroyroom74.ru/image/data/3370230859d23d81a3cb52570418d039.jpg;
;00000056;"Маты URSA Шумозащита (4*7000*610*50) (0,854м3; 17,08м2) 30шт/под";1;шт;1047;URSA;http://www.ztm42.ru/image/cache/data/stroy-material/ursa20geo2-700x700.jpg;
;00000057;"Плиты URSA TERRA 34 PN (10) (1000*600*50) (0,3м3; 6м2)";1;шт;368;URSA;http://impuls-hoper.ru/wa-data/public/shop/products/44/97/19744/images/15870/15870.970.jpeg;
;00000192;"Плиты URSA TERRA 34 PN (10) (1000*610*50) (0,305м3; 6,1м2) Шумозащита";1;шт;424;URSA;http://merchiumru.r.worldssl.net/users/10634/images/detailed/1/Terra.jpg?t=1454496715;
;00000861;Плиты URSA TERRA 34 PN (12) 1250*600*50(0,45м3);1;шт;1107;URSA;http://impuls-hoper.ru/wa-data/public/shop/products/44/97/19744/images/15870/15870.970.jpeg;
;00000578;"Плиты URSA TERRA 34 PN (6) 1250*600*100(0,45м3;4,5м2)";1;шт;481;URSA;http://impuls-hoper.ru/wa-data/public/shop/products/44/97/19744/images/15870/15870.970.jpeg;
;00000058;"Плиты URSA П15 универ.(1000*600*50) (0,3м3; 6м2;10шт)";1;шт;332;URSA;http://xn--80aaauyk3adqx.xn--p1ai/image/cache/data/imagetov/0000007051_1-500x554.jpg;
;00000561;"Плиты URSA П20 1250*600*50  (0,9м3; 18м2;20шт)";1;шт;1200;URSA;http://st16.stpulscen.ru/images/product/081/211/971_big.jpg;
;00000577;Плиты URSA П60 1250*600*20(0,3м3);1;шт;805;URSA;http://st16.stpulscen.ru/images/product/081/211/971_big.jpg;
;00000554;"Маты ВОЛМА М11Лайт (21,6м2; 1,08м3)";1;шт;1102;URSA;http://gvzd.ru/img/product/volma_uteplitel.jpg;
;00000005;Минплита Изовер Каркас-М40-ТВИН-50/1220*9000/Е/К;1;шт;1800;Isover;http://st13.stblizko.ru/images/product/057/197/200_original.jpg;
;00000394;Минплита Изовер КВ-050/Е 400*440*1000;1;шт;770;Isover;http://stenstroy.ru/exchange/images/LL00012011.jpg;
;00000640;"Минплита Изовер Профи 150*1220*4000(4,88м2;0,73м3;1шт)";1;шт;890;Isover;http://tdodis.ru/published/publicdata/ODIS2014SHOP/attachments/SC/products_pictures/izover_klassik49_enl.jpg;
;00000473;"Минплита Изовер Скатная кровля (50*610*1170)  0,714м3; 14.27м2";1;шт;550;Isover;http://keramix-oskol.ru/upload/iblock/ff5/ff5a6a16c8372528d6caadc3c89a5b29.jpeg;
;00000185;Минплита Изовер тепло-и звукоизоляция Штукатурный Фасад-50/600*1200/ЕК;1;шт;420;Isover;http://63dp.ru/assets/images/products/301/izover-vent-fasad-verh.jpg;
;00000173;Минплита ИЗОРОК Изолайт  (50) 1000*500*100  0,2м3/2м2/4шт;1;шт;1647;Isoroc;http://enyx.ru/wp-content/uploads/2015/09/izorok-izovent.jpg;
;00000015;Минплита ИЗОРОК Изолайт Л 1000*600*100 0,24м3/2,4м2/4шт;1;шт;1420;Isoroc;http://enyx.ru/wp-content/uploads/2015/09/izorok-izovent.jpg;
;00000016;Минплита ИЗОРОК Изолайт Л 1000*600*50 0,24м3/4,8м2/8шт;1;шт;750;Isoroc;http://enyx.ru/wp-content/uploads/2015/09/izorok-izovent.jpg;
;00000007;ПСБ-С 15у 1000*1000*100;1;шт;270;;http://s-karate.ru/images1/5763f806d74d3.png;
;00000187;ПСБ-С 25 Ф лайт 1000*1000*100;1;шт;270;;http://s-karate.ru/images1/5763f806d74d3.png;
;00000150;ПСБ-С 25 Ф лайт 1000*1000*50;1;шт;136;;http://s-karate.ru/images1/5763f806d74d3.png;
;00000041;Стайрофом RAVATHERM XPS 250-A SL N 1185*585*100 (0,277м3, 2,773м2, 4шт);1;уп;1513;;http://giperstroika.com/image/cache/data/isolux/53604_3-600x600.jpg;
;00000651;Стайрофом RAVATHERM XPS 250-A SL N 1185*585*30;1;уп;1397;;http://giperstroika.com/image/cache/data/isolux/53604_3-600x600.jpg;
;00001017;Стайрофом RAVATHERM XPS 250-A SL N 1185*585*40 (0,277м3, 6,93м2, 10шт);1;уп;1285;;http://giperstroika.com/image/cache/data/isolux/53604_3-600x600.jpg;
;00001412;Стайрофом RAVATHERM XPS 250-A SL N 1185*585*50;1;уп;1264;;http://giperstroika.com/image/cache/data/isolux/53604_3-600x600.jpg;
;00000214;"Стайрофом RAVATHERM XPS 250-A SL N 1200*600*20 (0,288м3, 14,4; 20шт)";1;уп;1299;;http://giperstroika.com/image/cache/data/isolux/53604_3-600x600.jpg;
;00000393;Пеноплекс Комфорт 1200х600х50 (7шт, 5,04м2, 0,252м3);1;уп;383;;http://st24.stpulscen.ru/images/product/097/881/188_big.jpg;
;00000119;Минплита Роквул Акустик Баттс (Н) 1000*600*50 (0,3м3\6м2);1;уп;718;Rockwool;http://plitopt.ru/d/125489/d/acustic.jpg;
;00000215;Минплита Роквул Лайт Баттс (Н) 1000*600*50 (0,3м3\6м2);1;уп;615;Rockwool;http://www.classifieds24.ru/images/1886/1885297/large_2.jpg;
;00000062;"Минплита ТехноНИКОЛЬ Green Guard УНИВЕРСАЛ (1200*600*50) 0,288м3; 5,76м2; 8шт";1;уп;415;ТехноНиколь;http://lider35.ru/upload/iblock/427/427441706eb4148c4f8948ebc07f604b.png;
;00000151;"Минплита ТехноНИКОЛЬ Роклайт (1200*600*100) 0,432м3; 4,32м2; 6шт (6,912м3/подд.24шт)";1;уп;620;ТехноНиколь;http://afk59.ru/upload/iblock/f7d/f7d709894660d929428f58dbd3a112d3.jpg;
;00000063;"Минплита ТехноНИКОЛЬ Роклайт (1200*600*50) 0,288м3; 5,76м2; 8шт (6,912м3/подд.24шт)";1;уп;400;ТехноНиколь;http://afk59.ru/upload/iblock/f7d/f7d709894660d929428f58dbd3a112d3.jpg;
;00000449;Минплита ТехноНИКОЛЬ Техноблок стандарт (1200*600*50мм) 0,432м3;1;уп;530;ТехноНиколь;http://frontonspb.ru/generic/catalog/all/858_image.jpg;
;00000471;"Минплита ТехноНИКОЛЬ Техновент Стандарт (1200*600*50) 0,2160м3; 4,32м2; 6шт";1;уп;530;ТехноНиколь;http://maximus63.ru/goods_img/goods1/gr_22999/22999817/b_22999817_0.jpg;
;00000707;Минплита ТехноНИКОЛЬ Технолайт ОПТИМА  (1200*600*120);1;уп;383;ТехноНиколь;http://atlantkrovlya.ru/wp-content/uploads/atlantkrovlyaMineralnajavataTehnonikolTehnoruf.jpg;
;00001231;Минплита Хотрок Лайт (пл 35) (1200*600*100)  0,288м3, 2,88м2, 4шт;1;уп;443;HotRock;http://images.ru.prom.st/244682973_w640_h640_hotrok.jpg;
;00000372;Минплита Хотрок Лайт (пл 35) (1200*600*50)  0,288м3, 5.76м2, 8шт;1;уп;320;HotRock;http://stroymastershop.ru/image/cache/catalog/izolmaterial/teploizol/hotrok-eko-420x320.jpg;
;00000042;Минплита Хотрок Лайт Эко (пл 27) (1200*600*50) 0,288м3, 5,76м2, 8шт;1;уп;500;HotRock;http://x-teplo.ru/wp-content/uploads/2015/09/Upakovka-HOTROCK_light.jpg;
